filepath,label
C:\Users\bharath kumar\OneDrive\Documents\dl louda\src\datasets\synthetic\train\Common_Nevus\Common_Nevus_0000.png,0
C:\Users\bharath kumar\OneDrive\Documents\dl louda\src\datasets\synthetic\train\Common_Nevus\Common_Nevus_0001.png,0
C:\Users\bharath kumar\OneDrive\Documents\dl louda\src\datasets\synthetic\train\Common_Nevus\Common_Nevus_0002.png,0
C:\Users\bharath kumar\OneDrive\Documents\dl louda\src\datasets\synthetic\train\Common_Nevus\Common_Nevus_0003.png,0
C:\Users\bharath kumar\OneDrive\Documents\dl louda\src\datasets\synthetic\train\Common_Nevus\Common_Nevus_0004.png,0
C:\Users\bharath kumar\OneDrive\Documents\dl louda\src\datasets\synthetic\train\Common_Nevus\Common_Nevus_0005.png,0
C:\Users\bharath kumar\OneDrive\Documents\dl louda\src\datasets\synthetic\train\Common_Nevus\Common_Nevus_0006.png,0
C:\Users\bharath kumar\OneDrive\Documents\dl louda\src\datasets\synthetic\train\Common_Nevus\Common_Nevus_0007.png,0
C:\Users\bharath kumar\OneDrive\Documents\dl louda\src\datasets\synthetic\train\Common_Nevus\Common_Nevus_0008.png,0
C:\Users\bharath kumar\OneDrive\Documents\dl louda\src\datasets\synthetic\train\Common_Nevus\Common_Nevus_0009.png,0
C:\Users\bharath kumar\OneDrive\Documents\dl louda\src\datasets\synthetic\train\Common_Nevus\Common_Nevus_0010.png,0
C:\Users\bharath kumar\OneDrive\Documents\dl louda\src\datasets\synthetic\train\Common_Nevus\Common_Nevus_0011.png,0
C:\Users\bharath kumar\OneDrive\Documents\dl louda\src\datasets\synthetic\train\Common_Nevus\Common_Nevus_0012.png,0
C:\Users\bharath kumar\OneDrive\Documents\dl louda\src\datasets\synthetic\train\Common_Nevus\Common_Nevus_0013.png,0
C:\Users\bharath kumar\OneDrive\Documents\dl louda\src\datasets\synthetic\train\Common_Nevus\Common_Nevus_0014.png,0
C:\Users\bharath kumar\OneDrive\Documents\dl louda\src\datasets\synthetic\train\Common_Nevus\Common_Nevus_0015.png,0
C:\Users\bharath kumar\OneDrive\Documents\dl louda\src\datasets\synthetic\train\Common_Nevus\Common_Nevus_0016.png,0
C:\Users\bharath kumar\OneDrive\Documents\dl louda\src\datasets\synthetic\train\Common_Nevus\Common_Nevus_0017.png,0
C:\Users\bharath kumar\OneDrive\Documents\dl louda\src\datasets\synthetic\train\Common_Nevus\Common_Nevus_0018.png,0
C:\Users\bharath kumar\OneDrive\Documents\dl louda\src\datasets\synthetic\train\Common_Nevus\Common_Nevus_0019.png,0
C:\Users\bharath kumar\OneDrive\Documents\dl louda\src\datasets\synthetic\train\Common_Nevus\Common_Nevus_0020.png,0
C:\Users\bharath kumar\OneDrive\Documents\dl louda\src\datasets\synthetic\train\Common_Nevus\Common_Nevus_0021.png,0
C:\Users\bharath kumar\OneDrive\Documents\dl louda\src\datasets\synthetic\train\Common_Nevus\Common_Nevus_0022.png,0
C:\Users\bharath kumar\OneDrive\Documents\dl louda\src\datasets\synthetic\train\Common_Nevus\Common_Nevus_0023.png,0
C:\Users\bharath kumar\OneDrive\Documents\dl louda\src\datasets\synthetic\train\Common_Nevus\Common_Nevus_0024.png,0
C:\Users\bharath kumar\OneDrive\Documents\dl louda\src\datasets\synthetic\train\Common_Nevus\Common_Nevus_0025.png,0
C:\Users\bharath kumar\OneDrive\Documents\dl louda\src\datasets\synthetic\train\Common_Nevus\Common_Nevus_0026.png,0
C:\Users\bharath kumar\OneDrive\Documents\dl louda\src\datasets\synthetic\train\Common_Nevus\Common_Nevus_0027.png,0
C:\Users\bharath kumar\OneDrive\Documents\dl louda\src\datasets\synthetic\train\Common_Nevus\Common_Nevus_0028.png,0
C:\Users\bharath kumar\OneDrive\Documents\dl louda\src\datasets\synthetic\train\Common_Nevus\Common_Nevus_0029.png,0
C:\Users\bharath kumar\OneDrive\Documents\dl louda\src\datasets\synthetic\train\Common_Nevus\Common_Nevus_0030.png,0
C:\Users\bharath kumar\OneDrive\Documents\dl louda\src\datasets\synthetic\train\Common_Nevus\Common_Nevus_0031.png,0
C:\Users\bharath kumar\OneDrive\Documents\dl louda\src\datasets\synthetic\train\Common_Nevus\Common_Nevus_0032.png,0
C:\Users\bharath kumar\OneDrive\Documents\dl louda\src\datasets\synthetic\train\Common_Nevus\Common_Nevus_0033.png,0
C:\Users\bharath kumar\OneDrive\Documents\dl louda\src\datasets\synthetic\train\Common_Nevus\Common_Nevus_0034.png,0
C:\Users\bharath kumar\OneDrive\Documents\dl louda\src\datasets\synthetic\train\Common_Nevus\Common_Nevus_0035.png,0
C:\Users\bharath kumar\OneDrive\Documents\dl louda\src\datasets\synthetic\train\Common_Nevus\Common_Nevus_0036.png,0
C:\Users\bharath kumar\OneDrive\Documents\dl louda\src\datasets\synthetic\train\Common_Nevus\Common_Nevus_0037.png,0
C:\Users\bharath kumar\OneDrive\Documents\dl louda\src\datasets\synthetic\train\Common_Nevus\Common_Nevus_0038.png,0
C:\Users\bharath kumar\OneDrive\Documents\dl louda\src\datasets\synthetic\train\Common_Nevus\Common_Nevus_0039.png,0
C:\Users\bharath kumar\OneDrive\Documents\dl louda\src\datasets\synthetic\train\Common_Nevus\Common_Nevus_0040.png,0
C:\Users\bharath kumar\OneDrive\Documents\dl louda\src\datasets\synthetic\train\Common_Nevus\Common_Nevus_0041.png,0
C:\Users\bharath kumar\OneDrive\Documents\dl louda\src\datasets\synthetic\train\Common_Nevus\Common_Nevus_0042.png,0
C:\Users\bharath kumar\OneDrive\Documents\dl louda\src\datasets\synthetic\train\Common_Nevus\Common_Nevus_0043.png,0
C:\Users\bharath kumar\OneDrive\Documents\dl louda\src\datasets\synthetic\train\Common_Nevus\Common_Nevus_0044.png,0
C:\Users\bharath kumar\OneDrive\Documents\dl louda\src\datasets\synthetic\train\Common_Nevus\Common_Nevus_0045.png,0
C:\Users\bharath kumar\OneDrive\Documents\dl louda\src\datasets\synthetic\train\Common_Nevus\Common_Nevus_0046.png,0
C:\Users\bharath kumar\OneDrive\Documents\dl louda\src\datasets\synthetic\train\Common_Nevus\Common_Nevus_0047.png,0
C:\Users\bharath kumar\OneDrive\Documents\dl louda\src\datasets\synthetic\train\Common_Nevus\Common_Nevus_0048.png,0
C:\Users\bharath kumar\OneDrive\Documents\dl louda\src\datasets\synthetic\train\Common_Nevus\Common_Nevus_0049.png,0
C:\Users\bharath kumar\OneDrive\Documents\dl louda\src\datasets\synthetic\train\Common_Nevus\Common_Nevus_0050.png,0
C:\Users\bharath kumar\OneDrive\Documents\dl louda\src\datasets\synthetic\train\Common_Nevus\Common_Nevus_0051.png,0
C:\Users\bharath kumar\OneDrive\Documents\dl louda\src\datasets\synthetic\train\Common_Nevus\Common_Nevus_0052.png,0
C:\Users\bharath kumar\OneDrive\Documents\dl louda\src\datasets\synthetic\train\Common_Nevus\Common_Nevus_0053.png,0
C:\Users\bharath kumar\OneDrive\Documents\dl louda\src\datasets\synthetic\train\Common_Nevus\Common_Nevus_0054.png,0
C:\Users\bharath kumar\OneDrive\Documents\dl louda\src\datasets\synthetic\train\Common_Nevus\Common_Nevus_0055.png,0
C:\Users\bharath kumar\OneDrive\Documents\dl louda\src\datasets\synthetic\train\Common_Nevus\Common_Nevus_0056.png,0
C:\Users\bharath kumar\OneDrive\Documents\dl louda\src\datasets\synthetic\train\Common_Nevus\Common_Nevus_0057.png,0
C:\Users\bharath kumar\OneDrive\Documents\dl louda\src\datasets\synthetic\train\Common_Nevus\Common_Nevus_0058.png,0
C:\Users\bharath kumar\OneDrive\Documents\dl louda\src\datasets\synthetic\train\Common_Nevus\Common_Nevus_0059.png,0
C:\Users\bharath kumar\OneDrive\Documents\dl louda\src\datasets\synthetic\train\Common_Nevus\Common_Nevus_0060.png,0
C:\Users\bharath kumar\OneDrive\Documents\dl louda\src\datasets\synthetic\train\Common_Nevus\Common_Nevus_0061.png,0
C:\Users\bharath kumar\OneDrive\Documents\dl louda\src\datasets\synthetic\train\Common_Nevus\Common_Nevus_0062.png,0
C:\Users\bharath kumar\OneDrive\Documents\dl louda\src\datasets\synthetic\train\Common_Nevus\Common_Nevus_0063.png,0
C:\Users\bharath kumar\OneDrive\Documents\dl louda\src\datasets\synthetic\train\Common_Nevus\Common_Nevus_0064.png,0
C:\Users\bharath kumar\OneDrive\Documents\dl louda\src\datasets\synthetic\train\Common_Nevus\Common_Nevus_0065.png,0
C:\Users\bharath kumar\OneDrive\Documents\dl louda\src\datasets\synthetic\train\Common_Nevus\Common_Nevus_0066.png,0
C:\Users\bharath kumar\OneDrive\Documents\dl louda\src\datasets\synthetic\train\Common_Nevus\Common_Nevus_0067.png,0
C:\Users\bharath kumar\OneDrive\Documents\dl louda\src\datasets\synthetic\train\Common_Nevus\Common_Nevus_0068.png,0
C:\Users\bharath kumar\OneDrive\Documents\dl louda\src\datasets\synthetic\train\Common_Nevus\Common_Nevus_0069.png,0
C:\Users\bharath kumar\OneDrive\Documents\dl louda\src\datasets\synthetic\train\Common_Nevus\Common_Nevus_0070.png,0
C:\Users\bharath kumar\OneDrive\Documents\dl louda\src\datasets\synthetic\train\Common_Nevus\Common_Nevus_0071.png,0
C:\Users\bharath kumar\OneDrive\Documents\dl louda\src\datasets\synthetic\train\Common_Nevus\Common_Nevus_0072.png,0
C:\Users\bharath kumar\OneDrive\Documents\dl louda\src\datasets\synthetic\train\Common_Nevus\Common_Nevus_0073.png,0
C:\Users\bharath kumar\OneDrive\Documents\dl louda\src\datasets\synthetic\train\Common_Nevus\Common_Nevus_0074.png,0
C:\Users\bharath kumar\OneDrive\Documents\dl louda\src\datasets\synthetic\train\Common_Nevus\Common_Nevus_0075.png,0
C:\Users\bharath kumar\OneDrive\Documents\dl louda\src\datasets\synthetic\train\Common_Nevus\Common_Nevus_0076.png,0
C:\Users\bharath kumar\OneDrive\Documents\dl louda\src\datasets\synthetic\train\Common_Nevus\Common_Nevus_0077.png,0
C:\Users\bharath kumar\OneDrive\Documents\dl louda\src\datasets\synthetic\train\Common_Nevus\Common_Nevus_0078.png,0
C:\Users\bharath kumar\OneDrive\Documents\dl louda\src\datasets\synthetic\train\Common_Nevus\Common_Nevus_0079.png,0
C:\Users\bharath kumar\OneDrive\Documents\dl louda\src\datasets\synthetic\train\Common_Nevus\Common_Nevus_0080.png,0
C:\Users\bharath kumar\OneDrive\Documents\dl louda\src\datasets\synthetic\train\Common_Nevus\Common_Nevus_0081.png,0
C:\Users\bharath kumar\OneDrive\Documents\dl louda\src\datasets\synthetic\train\Common_Nevus\Common_Nevus_0082.png,0
C:\Users\bharath kumar\OneDrive\Documents\dl louda\src\datasets\synthetic\train\Common_Nevus\Common_Nevus_0083.png,0
C:\Users\bharath kumar\OneDrive\Documents\dl louda\src\datasets\synthetic\train\Common_Nevus\Common_Nevus_0084.png,0
C:\Users\bharath kumar\OneDrive\Documents\dl louda\src\datasets\synthetic\train\Common_Nevus\Common_Nevus_0085.png,0
C:\Users\bharath kumar\OneDrive\Documents\dl louda\src\datasets\synthetic\train\Common_Nevus\Common_Nevus_0086.png,0
C:\Users\bharath kumar\OneDrive\Documents\dl louda\src\datasets\synthetic\train\Common_Nevus\Common_Nevus_0087.png,0
C:\Users\bharath kumar\OneDrive\Documents\dl louda\src\datasets\synthetic\train\Common_Nevus\Common_Nevus_0088.png,0
C:\Users\bharath kumar\OneDrive\Documents\dl louda\src\datasets\synthetic\train\Common_Nevus\Common_Nevus_0089.png,0
C:\Users\bharath kumar\OneDrive\Documents\dl louda\src\datasets\synthetic\train\Common_Nevus\Common_Nevus_0090.png,0
C:\Users\bharath kumar\OneDrive\Documents\dl louda\src\datasets\synthetic\train\Common_Nevus\Common_Nevus_0091.png,0
C:\Users\bharath kumar\OneDrive\Documents\dl louda\src\datasets\synthetic\train\Common_Nevus\Common_Nevus_0092.png,0
C:\Users\bharath kumar\OneDrive\Documents\dl louda\src\datasets\synthetic\train\Common_Nevus\Common_Nevus_0093.png,0
C:\Users\bharath kumar\OneDrive\Documents\dl louda\src\datasets\synthetic\train\Common_Nevus\Common_Nevus_0094.png,0
C:\Users\bharath kumar\OneDrive\Documents\dl louda\src\datasets\synthetic\train\Common_Nevus\Common_Nevus_0095.png,0
C:\Users\bharath kumar\OneDrive\Documents\dl louda\src\datasets\synthetic\train\Common_Nevus\Common_Nevus_0096.png,0
C:\Users\bharath kumar\OneDrive\Documents\dl louda\src\datasets\synthetic\train\Common_Nevus\Common_Nevus_0097.png,0
C:\Users\bharath kumar\OneDrive\Documents\dl louda\src\datasets\synthetic\train\Common_Nevus\Common_Nevus_0098.png,0
C:\Users\bharath kumar\OneDrive\Documents\dl louda\src\datasets\synthetic\train\Common_Nevus\Common_Nevus_0099.png,0
C:\Users\bharath kumar\OneDrive\Documents\dl louda\src\datasets\synthetic\train\Common_Nevus\Common_Nevus_0100.png,0
C:\Users\bharath kumar\OneDrive\Documents\dl louda\src\datasets\synthetic\train\Common_Nevus\Common_Nevus_0101.png,0
C:\Users\bharath kumar\OneDrive\Documents\dl louda\src\datasets\synthetic\train\Common_Nevus\Common_Nevus_0102.png,0
C:\Users\bharath kumar\OneDrive\Documents\dl louda\src\datasets\synthetic\train\Common_Nevus\Common_Nevus_0103.png,0
C:\Users\bharath kumar\OneDrive\Documents\dl louda\src\datasets\synthetic\train\Common_Nevus\Common_Nevus_0104.png,0
C:\Users\bharath kumar\OneDrive\Documents\dl louda\src\datasets\synthetic\train\Common_Nevus\Common_Nevus_0105.png,0
C:\Users\bharath kumar\OneDrive\Documents\dl louda\src\datasets\synthetic\train\Common_Nevus\Common_Nevus_0106.png,0
C:\Users\bharath kumar\OneDrive\Documents\dl louda\src\datasets\synthetic\train\Common_Nevus\Common_Nevus_0107.png,0
C:\Users\bharath kumar\OneDrive\Documents\dl louda\src\datasets\synthetic\train\Common_Nevus\Common_Nevus_0108.png,0
C:\Users\bharath kumar\OneDrive\Documents\dl louda\src\datasets\synthetic\train\Common_Nevus\Common_Nevus_0109.png,0
C:\Users\bharath kumar\OneDrive\Documents\dl louda\src\datasets\synthetic\train\Common_Nevus\Common_Nevus_0110.png,0
C:\Users\bharath kumar\OneDrive\Documents\dl louda\src\datasets\synthetic\train\Common_Nevus\Common_Nevus_0111.png,0
C:\Users\bharath kumar\OneDrive\Documents\dl louda\src\datasets\synthetic\train\Common_Nevus\Common_Nevus_0112.png,0
C:\Users\bharath kumar\OneDrive\Documents\dl louda\src\datasets\synthetic\train\Common_Nevus\Common_Nevus_0113.png,0
C:\Users\bharath kumar\OneDrive\Documents\dl louda\src\datasets\synthetic\train\Common_Nevus\Common_Nevus_0114.png,0
C:\Users\bharath kumar\OneDrive\Documents\dl louda\src\datasets\synthetic\train\Common_Nevus\Common_Nevus_0115.png,0
C:\Users\bharath kumar\OneDrive\Documents\dl louda\src\datasets\synthetic\train\Common_Nevus\Common_Nevus_0116.png,0
C:\Users\bharath kumar\OneDrive\Documents\dl louda\src\datasets\synthetic\train\Common_Nevus\Common_Nevus_0117.png,0
C:\Users\bharath kumar\OneDrive\Documents\dl louda\src\datasets\synthetic\train\Common_Nevus\Common_Nevus_0118.png,0
C:\Users\bharath kumar\OneDrive\Documents\dl louda\src\datasets\synthetic\train\Common_Nevus\Common_Nevus_0119.png,0
C:\Users\bharath kumar\OneDrive\Documents\dl louda\src\datasets\synthetic\train\Common_Nevus\Common_Nevus_0120.png,0
C:\Users\bharath kumar\OneDrive\Documents\dl louda\src\datasets\synthetic\train\Common_Nevus\Common_Nevus_0121.png,0
C:\Users\bharath kumar\OneDrive\Documents\dl louda\src\datasets\synthetic\train\Common_Nevus\Common_Nevus_0122.png,0
C:\Users\bharath kumar\OneDrive\Documents\dl louda\src\datasets\synthetic\train\Common_Nevus\Common_Nevus_0123.png,0
C:\Users\bharath kumar\OneDrive\Documents\dl louda\src\datasets\synthetic\train\Common_Nevus\Common_Nevus_0124.png,0
C:\Users\bharath kumar\OneDrive\Documents\dl louda\src\datasets\synthetic\train\Common_Nevus\Common_Nevus_0125.png,0
C:\Users\bharath kumar\OneDrive\Documents\dl louda\src\datasets\synthetic\train\Common_Nevus\Common_Nevus_0126.png,0
C:\Users\bharath kumar\OneDrive\Documents\dl louda\src\datasets\synthetic\train\Common_Nevus\Common_Nevus_0127.png,0
C:\Users\bharath kumar\OneDrive\Documents\dl louda\src\datasets\synthetic\train\Common_Nevus\Common_Nevus_0128.png,0
C:\Users\bharath kumar\OneDrive\Documents\dl louda\src\datasets\synthetic\train\Common_Nevus\Common_Nevus_0129.png,0
C:\Users\bharath kumar\OneDrive\Documents\dl louda\src\datasets\synthetic\train\Common_Nevus\Common_Nevus_0130.png,0
C:\Users\bharath kumar\OneDrive\Documents\dl louda\src\datasets\synthetic\train\Common_Nevus\Common_Nevus_0131.png,0
C:\Users\bharath kumar\OneDrive\Documents\dl louda\src\datasets\synthetic\train\Common_Nevus\Common_Nevus_0132.png,0
C:\Users\bharath kumar\OneDrive\Documents\dl louda\src\datasets\synthetic\train\Common_Nevus\Common_Nevus_0133.png,0
C:\Users\bharath kumar\OneDrive\Documents\dl louda\src\datasets\synthetic\train\Common_Nevus\Common_Nevus_0134.png,0
C:\Users\bharath kumar\OneDrive\Documents\dl louda\src\datasets\synthetic\train\Common_Nevus\Common_Nevus_0135.png,0
C:\Users\bharath kumar\OneDrive\Documents\dl louda\src\datasets\synthetic\train\Common_Nevus\Common_Nevus_0136.png,0
C:\Users\bharath kumar\OneDrive\Documents\dl louda\src\datasets\synthetic\train\Common_Nevus\Common_Nevus_0137.png,0
C:\Users\bharath kumar\OneDrive\Documents\dl louda\src\datasets\synthetic\train\Common_Nevus\Common_Nevus_0138.png,0
C:\Users\bharath kumar\OneDrive\Documents\dl louda\src\datasets\synthetic\train\Common_Nevus\Common_Nevus_0139.png,0
C:\Users\bharath kumar\OneDrive\Documents\dl louda\src\datasets\synthetic\train\Common_Nevus\Common_Nevus_0140.png,0
C:\Users\bharath kumar\OneDrive\Documents\dl louda\src\datasets\synthetic\train\Common_Nevus\Common_Nevus_0141.png,0
C:\Users\bharath kumar\OneDrive\Documents\dl louda\src\datasets\synthetic\train\Common_Nevus\Common_Nevus_0142.png,0
C:\Users\bharath kumar\OneDrive\Documents\dl louda\src\datasets\synthetic\train\Common_Nevus\Common_Nevus_0143.png,0
C:\Users\bharath kumar\OneDrive\Documents\dl louda\src\datasets\synthetic\train\Common_Nevus\Common_Nevus_0144.png,0
C:\Users\bharath kumar\OneDrive\Documents\dl louda\src\datasets\synthetic\train\Common_Nevus\Common_Nevus_0145.png,0
C:\Users\bharath kumar\OneDrive\Documents\dl louda\src\datasets\synthetic\train\Common_Nevus\Common_Nevus_0146.png,0
C:\Users\bharath kumar\OneDrive\Documents\dl louda\src\datasets\synthetic\train\Common_Nevus\Common_Nevus_0147.png,0
C:\Users\bharath kumar\OneDrive\Documents\dl louda\src\datasets\synthetic\train\Common_Nevus\Common_Nevus_0148.png,0
C:\Users\bharath kumar\OneDrive\Documents\dl louda\src\datasets\synthetic\train\Common_Nevus\Common_Nevus_0149.png,0
C:\Users\bharath kumar\OneDrive\Documents\dl louda\src\datasets\synthetic\train\Common_Nevus\Common_Nevus_0150.png,0
C:\Users\bharath kumar\OneDrive\Documents\dl louda\src\datasets\synthetic\train\Common_Nevus\Common_Nevus_0151.png,0
C:\Users\bharath kumar\OneDrive\Documents\dl louda\src\datasets\synthetic\train\Common_Nevus\Common_Nevus_0152.png,0
C:\Users\bharath kumar\OneDrive\Documents\dl louda\src\datasets\synthetic\train\Common_Nevus\Common_Nevus_0153.png,0
C:\Users\bharath kumar\OneDrive\Documents\dl louda\src\datasets\synthetic\train\Common_Nevus\Common_Nevus_0154.png,0
C:\Users\bharath kumar\OneDrive\Documents\dl louda\src\datasets\synthetic\train\Common_Nevus\Common_Nevus_0155.png,0
C:\Users\bharath kumar\OneDrive\Documents\dl louda\src\datasets\synthetic\train\Common_Nevus\Common_Nevus_0156.png,0
C:\Users\bharath kumar\OneDrive\Documents\dl louda\src\datasets\synthetic\train\Common_Nevus\Common_Nevus_0157.png,0
C:\Users\bharath kumar\OneDrive\Documents\dl louda\src\datasets\synthetic\train\Common_Nevus\Common_Nevus_0158.png,0
C:\Users\bharath kumar\OneDrive\Documents\dl louda\src\datasets\synthetic\train\Common_Nevus\Common_Nevus_0159.png,0
C:\Users\bharath kumar\OneDrive\Documents\dl louda\src\datasets\synthetic\train\Common_Nevus\Common_Nevus_0160.png,0
C:\Users\bharath kumar\OneDrive\Documents\dl louda\src\datasets\synthetic\train\Common_Nevus\Common_Nevus_0161.png,0
C:\Users\bharath kumar\OneDrive\Documents\dl louda\src\datasets\synthetic\train\Common_Nevus\Common_Nevus_0162.png,0
C:\Users\bharath kumar\OneDrive\Documents\dl louda\src\datasets\synthetic\train\Common_Nevus\Common_Nevus_0163.png,0
C:\Users\bharath kumar\OneDrive\Documents\dl louda\src\datasets\synthetic\train\Common_Nevus\Common_Nevus_0164.png,0
C:\Users\bharath kumar\OneDrive\Documents\dl louda\src\datasets\synthetic\train\Common_Nevus\Common_Nevus_0165.png,0
C:\Users\bharath kumar\OneDrive\Documents\dl louda\src\datasets\synthetic\train\Common_Nevus\Common_Nevus_0166.png,0
C:\Users\bharath kumar\OneDrive\Documents\dl louda\src\datasets\synthetic\train\Common_Nevus\Common_Nevus_0167.png,0
C:\Users\bharath kumar\OneDrive\Documents\dl louda\src\datasets\synthetic\train\Common_Nevus\Common_Nevus_0168.png,0
C:\Users\bharath kumar\OneDrive\Documents\dl louda\src\datasets\synthetic\train\Common_Nevus\Common_Nevus_0169.png,0
C:\Users\bharath kumar\OneDrive\Documents\dl louda\src\datasets\synthetic\train\Common_Nevus\Common_Nevus_0170.png,0
C:\Users\bharath kumar\OneDrive\Documents\dl louda\src\datasets\synthetic\train\Common_Nevus\Common_Nevus_0171.png,0
C:\Users\bharath kumar\OneDrive\Documents\dl louda\src\datasets\synthetic\train\Common_Nevus\Common_Nevus_0172.png,0
C:\Users\bharath kumar\OneDrive\Documents\dl louda\src\datasets\synthetic\train\Common_Nevus\Common_Nevus_0173.png,0
C:\Users\bharath kumar\OneDrive\Documents\dl louda\src\datasets\synthetic\train\Common_Nevus\Common_Nevus_0174.png,0
C:\Users\bharath kumar\OneDrive\Documents\dl louda\src\datasets\synthetic\train\Common_Nevus\Common_Nevus_0175.png,0
C:\Users\bharath kumar\OneDrive\Documents\dl louda\src\datasets\synthetic\train\Common_Nevus\Common_Nevus_0176.png,0
C:\Users\bharath kumar\OneDrive\Documents\dl louda\src\datasets\synthetic\train\Common_Nevus\Common_Nevus_0177.png,0
C:\Users\bharath kumar\OneDrive\Documents\dl louda\src\datasets\synthetic\train\Common_Nevus\Common_Nevus_0178.png,0
C:\Users\bharath kumar\OneDrive\Documents\dl louda\src\datasets\synthetic\train\Common_Nevus\Common_Nevus_0179.png,0
C:\Users\bharath kumar\OneDrive\Documents\dl louda\src\datasets\synthetic\train\Common_Nevus\Common_Nevus_0180.png,0
C:\Users\bharath kumar\OneDrive\Documents\dl louda\src\datasets\synthetic\train\Common_Nevus\Common_Nevus_0181.png,0
C:\Users\bharath kumar\OneDrive\Documents\dl louda\src\datasets\synthetic\train\Common_Nevus\Common_Nevus_0182.png,0
C:\Users\bharath kumar\OneDrive\Documents\dl louda\src\datasets\synthetic\train\Common_Nevus\Common_Nevus_0183.png,0
C:\Users\bharath kumar\OneDrive\Documents\dl louda\src\datasets\synthetic\train\Common_Nevus\Common_Nevus_0184.png,0
C:\Users\bharath kumar\OneDrive\Documents\dl louda\src\datasets\synthetic\train\Common_Nevus\Common_Nevus_0185.png,0
C:\Users\bharath kumar\OneDrive\Documents\dl louda\src\datasets\synthetic\train\Common_Nevus\Common_Nevus_0186.png,0
C:\Users\bharath kumar\OneDrive\Documents\dl louda\src\datasets\synthetic\train\Common_Nevus\Common_Nevus_0187.png,0
C:\Users\bharath kumar\OneDrive\Documents\dl louda\src\datasets\synthetic\train\Common_Nevus\Common_Nevus_0188.png,0
C:\Users\bharath kumar\OneDrive\Documents\dl louda\src\datasets\synthetic\train\Common_Nevus\Common_Nevus_0189.png,0
C:\Users\bharath kumar\OneDrive\Documents\dl louda\src\datasets\synthetic\train\Common_Nevus\Common_Nevus_0190.png,0
C:\Users\bharath kumar\OneDrive\Documents\dl louda\src\datasets\synthetic\train\Common_Nevus\Common_Nevus_0191.png,0
C:\Users\bharath kumar\OneDrive\Documents\dl louda\src\datasets\synthetic\train\Common_Nevus\Common_Nevus_0192.png,0
C:\Users\bharath kumar\OneDrive\Documents\dl louda\src\datasets\synthetic\train\Common_Nevus\Common_Nevus_0193.png,0
C:\Users\bharath kumar\OneDrive\Documents\dl louda\src\datasets\synthetic\train\Common_Nevus\Common_Nevus_0194.png,0
C:\Users\bharath kumar\OneDrive\Documents\dl louda\src\datasets\synthetic\train\Common_Nevus\Common_Nevus_0195.png,0
C:\Users\bharath kumar\OneDrive\Documents\dl louda\src\datasets\synthetic\train\Common_Nevus\Common_Nevus_0196.png,0
C:\Users\bharath kumar\OneDrive\Documents\dl louda\src\datasets\synthetic\train\Common_Nevus\Common_Nevus_0197.png,0
C:\Users\bharath kumar\OneDrive\Documents\dl louda\src\datasets\synthetic\train\Common_Nevus\Common_Nevus_0198.png,0
C:\Users\bharath kumar\OneDrive\Documents\dl louda\src\datasets\synthetic\train\Common_Nevus\Common_Nevus_0199.png,0
C:\Users\bharath kumar\OneDrive\Documents\dl louda\src\datasets\synthetic\train\Common_Nevus\Common_Nevus_0200.png,0
C:\Users\bharath kumar\OneDrive\Documents\dl louda\src\datasets\synthetic\train\Common_Nevus\Common_Nevus_0201.png,0
C:\Users\bharath kumar\OneDrive\Documents\dl louda\src\datasets\synthetic\train\Common_Nevus\Common_Nevus_0202.png,0
C:\Users\bharath kumar\OneDrive\Documents\dl louda\src\datasets\synthetic\train\Common_Nevus\Common_Nevus_0203.png,0
C:\Users\bharath kumar\OneDrive\Documents\dl louda\src\datasets\synthetic\train\Common_Nevus\Common_Nevus_0204.png,0
C:\Users\bharath kumar\OneDrive\Documents\dl louda\src\datasets\synthetic\train\Common_Nevus\Common_Nevus_0205.png,0
C:\Users\bharath kumar\OneDrive\Documents\dl louda\src\datasets\synthetic\train\Common_Nevus\Common_Nevus_0206.png,0
C:\Users\bharath kumar\OneDrive\Documents\dl louda\src\datasets\synthetic\train\Common_Nevus\Common_Nevus_0207.png,0
C:\Users\bharath kumar\OneDrive\Documents\dl louda\src\datasets\synthetic\train\Common_Nevus\Common_Nevus_0208.png,0
C:\Users\bharath kumar\OneDrive\Documents\dl louda\src\datasets\synthetic\train\Common_Nevus\Common_Nevus_0209.png,0
C:\Users\bharath kumar\OneDrive\Documents\dl louda\src\datasets\synthetic\train\Common_Nevus\Common_Nevus_0210.png,0
C:\Users\bharath kumar\OneDrive\Documents\dl louda\src\datasets\synthetic\train\Common_Nevus\Common_Nevus_0211.png,0
C:\Users\bharath kumar\OneDrive\Documents\dl louda\src\datasets\synthetic\train\Common_Nevus\Common_Nevus_0212.png,0
C:\Users\bharath kumar\OneDrive\Documents\dl louda\src\datasets\synthetic\train\Common_Nevus\Common_Nevus_0213.png,0
C:\Users\bharath kumar\OneDrive\Documents\dl louda\src\datasets\synthetic\train\Common_Nevus\Common_Nevus_0214.png,0
C:\Users\bharath kumar\OneDrive\Documents\dl louda\src\datasets\synthetic\train\Common_Nevus\Common_Nevus_0215.png,0
C:\Users\bharath kumar\OneDrive\Documents\dl louda\src\datasets\synthetic\train\Common_Nevus\Common_Nevus_0216.png,0
C:\Users\bharath kumar\OneDrive\Documents\dl louda\src\datasets\synthetic\train\Common_Nevus\Common_Nevus_0217.png,0
C:\Users\bharath kumar\OneDrive\Documents\dl louda\src\datasets\synthetic\train\Common_Nevus\Common_Nevus_0218.png,0
C:\Users\bharath kumar\OneDrive\Documents\dl louda\src\datasets\synthetic\train\Common_Nevus\Common_Nevus_0219.png,0
C:\Users\bharath kumar\OneDrive\Documents\dl louda\src\datasets\synthetic\train\Common_Nevus\Common_Nevus_0220.png,0
C:\Users\bharath kumar\OneDrive\Documents\dl louda\src\datasets\synthetic\train\Common_Nevus\Common_Nevus_0221.png,0
C:\Users\bharath kumar\OneDrive\Documents\dl louda\src\datasets\synthetic\train\Common_Nevus\Common_Nevus_0222.png,0
C:\Users\bharath kumar\OneDrive\Documents\dl louda\src\datasets\synthetic\train\Common_Nevus\Common_Nevus_0223.png,0
C:\Users\bharath kumar\OneDrive\Documents\dl louda\src\datasets\synthetic\train\Common_Nevus\Common_Nevus_0224.png,0
C:\Users\bharath kumar\OneDrive\Documents\dl louda\src\datasets\synthetic\train\Common_Nevus\Common_Nevus_0225.png,0
C:\Users\bharath kumar\OneDrive\Documents\dl louda\src\datasets\synthetic\train\Common_Nevus\Common_Nevus_0226.png,0
C:\Users\bharath kumar\OneDrive\Documents\dl louda\src\datasets\synthetic\train\Common_Nevus\Common_Nevus_0227.png,0
C:\Users\bharath kumar\OneDrive\Documents\dl louda\src\datasets\synthetic\train\Common_Nevus\Common_Nevus_0228.png,0
C:\Users\bharath kumar\OneDrive\Documents\dl louda\src\datasets\synthetic\train\Common_Nevus\Common_Nevus_0229.png,0
C:\Users\bharath kumar\OneDrive\Documents\dl louda\src\datasets\synthetic\train\Common_Nevus\Common_Nevus_0230.png,0
C:\Users\bharath kumar\OneDrive\Documents\dl louda\src\datasets\synthetic\train\Common_Nevus\Common_Nevus_0231.png,0
C:\Users\bharath kumar\OneDrive\Documents\dl louda\src\datasets\synthetic\train\Common_Nevus\Common_Nevus_0232.png,0
C:\Users\bharath kumar\OneDrive\Documents\dl louda\src\datasets\synthetic\train\Common_Nevus\Common_Nevus_0233.png,0
C:\Users\bharath kumar\OneDrive\Documents\dl louda\src\datasets\synthetic\train\Common_Nevus\Common_Nevus_0234.png,0
C:\Users\bharath kumar\OneDrive\Documents\dl louda\src\datasets\synthetic\train\Common_Nevus\Common_Nevus_0235.png,0
C:\Users\bharath kumar\OneDrive\Documents\dl louda\src\datasets\synthetic\train\Common_Nevus\Common_Nevus_0236.png,0
C:\Users\bharath kumar\OneDrive\Documents\dl louda\src\datasets\synthetic\train\Common_Nevus\Common_Nevus_0237.png,0
C:\Users\bharath kumar\OneDrive\Documents\dl louda\src\datasets\synthetic\train\Common_Nevus\Common_Nevus_0238.png,0
C:\Users\bharath kumar\OneDrive\Documents\dl louda\src\datasets\synthetic\train\Common_Nevus\Common_Nevus_0239.png,0
C:\Users\bharath kumar\OneDrive\Documents\dl louda\src\datasets\synthetic\train\Common_Nevus\Common_Nevus_0240.png,0
C:\Users\bharath kumar\OneDrive\Documents\dl louda\src\datasets\synthetic\train\Common_Nevus\Common_Nevus_0241.png,0
C:\Users\bharath kumar\OneDrive\Documents\dl louda\src\datasets\synthetic\train\Common_Nevus\Common_Nevus_0242.png,0
C:\Users\bharath kumar\OneDrive\Documents\dl louda\src\datasets\synthetic\train\Common_Nevus\Common_Nevus_0243.png,0
C:\Users\bharath kumar\OneDrive\Documents\dl louda\src\datasets\synthetic\train\Common_Nevus\Common_Nevus_0244.png,0
C:\Users\bharath kumar\OneDrive\Documents\dl louda\src\datasets\synthetic\train\Common_Nevus\Common_Nevus_0245.png,0
C:\Users\bharath kumar\OneDrive\Documents\dl louda\src\datasets\synthetic\train\Common_Nevus\Common_Nevus_0246.png,0
C:\Users\bharath kumar\OneDrive\Documents\dl louda\src\datasets\synthetic\train\Common_Nevus\Common_Nevus_0247.png,0
C:\Users\bharath kumar\OneDrive\Documents\dl louda\src\datasets\synthetic\train\Common_Nevus\Common_Nevus_0248.png,0
C:\Users\bharath kumar\OneDrive\Documents\dl louda\src\datasets\synthetic\train\Common_Nevus\Common_Nevus_0249.png,0
C:\Users\bharath kumar\OneDrive\Documents\dl louda\src\datasets\synthetic\train\Common_Nevus\Common_Nevus_0250.png,0
C:\Users\bharath kumar\OneDrive\Documents\dl louda\src\datasets\synthetic\train\Common_Nevus\Common_Nevus_0251.png,0
C:\Users\bharath kumar\OneDrive\Documents\dl louda\src\datasets\synthetic\train\Common_Nevus\Common_Nevus_0252.png,0
C:\Users\bharath kumar\OneDrive\Documents\dl louda\src\datasets\synthetic\train\Common_Nevus\Common_Nevus_0253.png,0
C:\Users\bharath kumar\OneDrive\Documents\dl louda\src\datasets\synthetic\train\Common_Nevus\Common_Nevus_0254.png,0
C:\Users\bharath kumar\OneDrive\Documents\dl louda\src\datasets\synthetic\train\Common_Nevus\Common_Nevus_0255.png,0
C:\Users\bharath kumar\OneDrive\Documents\dl louda\src\datasets\synthetic\train\Common_Nevus\Common_Nevus_0256.png,0
C:\Users\bharath kumar\OneDrive\Documents\dl louda\src\datasets\synthetic\train\Common_Nevus\Common_Nevus_0257.png,0
C:\Users\bharath kumar\OneDrive\Documents\dl louda\src\datasets\synthetic\train\Common_Nevus\Common_Nevus_0258.png,0
C:\Users\bharath kumar\OneDrive\Documents\dl louda\src\datasets\synthetic\train\Common_Nevus\Common_Nevus_0259.png,0
C:\Users\bharath kumar\OneDrive\Documents\dl louda\src\datasets\synthetic\train\Common_Nevus\Common_Nevus_0260.png,0
C:\Users\bharath kumar\OneDrive\Documents\dl louda\src\datasets\synthetic\train\Common_Nevus\Common_Nevus_0261.png,0
C:\Users\bharath kumar\OneDrive\Documents\dl louda\src\datasets\synthetic\train\Common_Nevus\Common_Nevus_0262.png,0
C:\Users\bharath kumar\OneDrive\Documents\dl louda\src\datasets\synthetic\train\Common_Nevus\Common_Nevus_0263.png,0
C:\Users\bharath kumar\OneDrive\Documents\dl louda\src\datasets\synthetic\train\Common_Nevus\Common_Nevus_0264.png,0
C:\Users\bharath kumar\OneDrive\Documents\dl louda\src\datasets\synthetic\train\Common_Nevus\Common_Nevus_0265.png,0
C:\Users\bharath kumar\OneDrive\Documents\dl louda\src\datasets\synthetic\train\Common_Nevus\Common_Nevus_0266.png,0
C:\Users\bharath kumar\OneDrive\Documents\dl louda\src\datasets\synthetic\train\Common_Nevus\Common_Nevus_0267.png,0
C:\Users\bharath kumar\OneDrive\Documents\dl louda\src\datasets\synthetic\train\Common_Nevus\Common_Nevus_0268.png,0
C:\Users\bharath kumar\OneDrive\Documents\dl louda\src\datasets\synthetic\train\Common_Nevus\Common_Nevus_0269.png,0
C:\Users\bharath kumar\OneDrive\Documents\dl louda\src\datasets\synthetic\train\Common_Nevus\Common_Nevus_0270.png,0
C:\Users\bharath kumar\OneDrive\Documents\dl louda\src\datasets\synthetic\train\Common_Nevus\Common_Nevus_0271.png,0
C:\Users\bharath kumar\OneDrive\Documents\dl louda\src\datasets\synthetic\train\Common_Nevus\Common_Nevus_0272.png,0
C:\Users\bharath kumar\OneDrive\Documents\dl louda\src\datasets\synthetic\train\Common_Nevus\Common_Nevus_0273.png,0
C:\Users\bharath kumar\OneDrive\Documents\dl louda\src\datasets\synthetic\train\Common_Nevus\Common_Nevus_0274.png,0
C:\Users\bharath kumar\OneDrive\Documents\dl louda\src\datasets\synthetic\train\Common_Nevus\Common_Nevus_0275.png,0
C:\Users\bharath kumar\OneDrive\Documents\dl louda\src\datasets\synthetic\train\Common_Nevus\Common_Nevus_0276.png,0
C:\Users\bharath kumar\OneDrive\Documents\dl louda\src\datasets\synthetic\train\Common_Nevus\Common_Nevus_0277.png,0
C:\Users\bharath kumar\OneDrive\Documents\dl louda\src\datasets\synthetic\train\Common_Nevus\Common_Nevus_0278.png,0
C:\Users\bharath kumar\OneDrive\Documents\dl louda\src\datasets\synthetic\train\Common_Nevus\Common_Nevus_0279.png,0
C:\Users\bharath kumar\OneDrive\Documents\dl louda\src\datasets\synthetic\train\Common_Nevus\Common_Nevus_0280.png,0
C:\Users\bharath kumar\OneDrive\Documents\dl louda\src\datasets\synthetic\train\Common_Nevus\Common_Nevus_0281.png,0
C:\Users\bharath kumar\OneDrive\Documents\dl louda\src\datasets\synthetic\train\Common_Nevus\Common_Nevus_0282.png,0
C:\Users\bharath kumar\OneDrive\Documents\dl louda\src\datasets\synthetic\train\Common_Nevus\Common_Nevus_0283.png,0
C:\Users\bharath kumar\OneDrive\Documents\dl louda\src\datasets\synthetic\train\Common_Nevus\Common_Nevus_0284.png,0
C:\Users\bharath kumar\OneDrive\Documents\dl louda\src\datasets\synthetic\train\Common_Nevus\Common_Nevus_0285.png,0
C:\Users\bharath kumar\OneDrive\Documents\dl louda\src\datasets\synthetic\train\Common_Nevus\Common_Nevus_0286.png,0
C:\Users\bharath kumar\OneDrive\Documents\dl louda\src\datasets\synthetic\train\Common_Nevus\Common_Nevus_0287.png,0
C:\Users\bharath kumar\OneDrive\Documents\dl louda\src\datasets\synthetic\train\Common_Nevus\Common_Nevus_0288.png,0
C:\Users\bharath kumar\OneDrive\Documents\dl louda\src\datasets\synthetic\train\Common_Nevus\Common_Nevus_0289.png,0
C:\Users\bharath kumar\OneDrive\Documents\dl louda\src\datasets\synthetic\train\Common_Nevus\Common_Nevus_0290.png,0
C:\Users\bharath kumar\OneDrive\Documents\dl louda\src\datasets\synthetic\train\Common_Nevus\Common_Nevus_0291.png,0
C:\Users\bharath kumar\OneDrive\Documents\dl louda\src\datasets\synthetic\train\Common_Nevus\Common_Nevus_0292.png,0
C:\Users\bharath kumar\OneDrive\Documents\dl louda\src\datasets\synthetic\train\Common_Nevus\Common_Nevus_0293.png,0
C:\Users\bharath kumar\OneDrive\Documents\dl louda\src\datasets\synthetic\train\Common_Nevus\Common_Nevus_0294.png,0
C:\Users\bharath kumar\OneDrive\Documents\dl louda\src\datasets\synthetic\train\Common_Nevus\Common_Nevus_0295.png,0
C:\Users\bharath kumar\OneDrive\Documents\dl louda\src\datasets\synthetic\train\Common_Nevus\Common_Nevus_0296.png,0
C:\Users\bharath kumar\OneDrive\Documents\dl louda\src\datasets\synthetic\train\Common_Nevus\Common_Nevus_0297.png,0
C:\Users\bharath kumar\OneDrive\Documents\dl louda\src\datasets\synthetic\train\Common_Nevus\Common_Nevus_0298.png,0
C:\Users\bharath kumar\OneDrive\Documents\dl louda\src\datasets\synthetic\train\Common_Nevus\Common_Nevus_0299.png,0
C:\Users\bharath kumar\OneDrive\Documents\dl louda\src\datasets\synthetic\train\Common_Nevus\Common_Nevus_0300.png,0
C:\Users\bharath kumar\OneDrive\Documents\dl louda\src\datasets\synthetic\train\Common_Nevus\Common_Nevus_0301.png,0
C:\Users\bharath kumar\OneDrive\Documents\dl louda\src\datasets\synthetic\train\Common_Nevus\Common_Nevus_0302.png,0
C:\Users\bharath kumar\OneDrive\Documents\dl louda\src\datasets\synthetic\train\Common_Nevus\Common_Nevus_0303.png,0
C:\Users\bharath kumar\OneDrive\Documents\dl louda\src\datasets\synthetic\train\Common_Nevus\Common_Nevus_0304.png,0
C:\Users\bharath kumar\OneDrive\Documents\dl louda\src\datasets\synthetic\train\Common_Nevus\Common_Nevus_0305.png,0
C:\Users\bharath kumar\OneDrive\Documents\dl louda\src\datasets\synthetic\train\Common_Nevus\Common_Nevus_0306.png,0
C:\Users\bharath kumar\OneDrive\Documents\dl louda\src\datasets\synthetic\train\Common_Nevus\Common_Nevus_0307.png,0
C:\Users\bharath kumar\OneDrive\Documents\dl louda\src\datasets\synthetic\train\Common_Nevus\Common_Nevus_0308.png,0
C:\Users\bharath kumar\OneDrive\Documents\dl louda\src\datasets\synthetic\train\Common_Nevus\Common_Nevus_0309.png,0
C:\Users\bharath kumar\OneDrive\Documents\dl louda\src\datasets\synthetic\train\Common_Nevus\Common_Nevus_0310.png,0
C:\Users\bharath kumar\OneDrive\Documents\dl louda\src\datasets\synthetic\train\Common_Nevus\Common_Nevus_0311.png,0
C:\Users\bharath kumar\OneDrive\Documents\dl louda\src\datasets\synthetic\train\Common_Nevus\Common_Nevus_0312.png,0
C:\Users\bharath kumar\OneDrive\Documents\dl louda\src\datasets\synthetic\train\Common_Nevus\Common_Nevus_0313.png,0
C:\Users\bharath kumar\OneDrive\Documents\dl louda\src\datasets\synthetic\train\Common_Nevus\Common_Nevus_0314.png,0
C:\Users\bharath kumar\OneDrive\Documents\dl louda\src\datasets\synthetic\train\Common_Nevus\Common_Nevus_0315.png,0
C:\Users\bharath kumar\OneDrive\Documents\dl louda\src\datasets\synthetic\train\Common_Nevus\Common_Nevus_0316.png,0
C:\Users\bharath kumar\OneDrive\Documents\dl louda\src\datasets\synthetic\train\Common_Nevus\Common_Nevus_0317.png,0
C:\Users\bharath kumar\OneDrive\Documents\dl louda\src\datasets\synthetic\train\Common_Nevus\Common_Nevus_0318.png,0
C:\Users\bharath kumar\OneDrive\Documents\dl louda\src\datasets\synthetic\train\Common_Nevus\Common_Nevus_0319.png,0
C:\Users\bharath kumar\OneDrive\Documents\dl louda\src\datasets\synthetic\train\Common_Nevus\Common_Nevus_0320.png,0
C:\Users\bharath kumar\OneDrive\Documents\dl louda\src\datasets\synthetic\train\Common_Nevus\Common_Nevus_0321.png,0
C:\Users\bharath kumar\OneDrive\Documents\dl louda\src\datasets\synthetic\train\Common_Nevus\Common_Nevus_0322.png,0
C:\Users\bharath kumar\OneDrive\Documents\dl louda\src\datasets\synthetic\train\Common_Nevus\Common_Nevus_0323.png,0
C:\Users\bharath kumar\OneDrive\Documents\dl louda\src\datasets\synthetic\train\Common_Nevus\Common_Nevus_0324.png,0
C:\Users\bharath kumar\OneDrive\Documents\dl louda\src\datasets\synthetic\train\Common_Nevus\Common_Nevus_0325.png,0
C:\Users\bharath kumar\OneDrive\Documents\dl louda\src\datasets\synthetic\train\Common_Nevus\Common_Nevus_0326.png,0
C:\Users\bharath kumar\OneDrive\Documents\dl louda\src\datasets\synthetic\train\Common_Nevus\Common_Nevus_0327.png,0
C:\Users\bharath kumar\OneDrive\Documents\dl louda\src\datasets\synthetic\train\Common_Nevus\Common_Nevus_0328.png,0
C:\Users\bharath kumar\OneDrive\Documents\dl louda\src\datasets\synthetic\train\Common_Nevus\Common_Nevus_0329.png,0
C:\Users\bharath kumar\OneDrive\Documents\dl louda\src\datasets\synthetic\train\Common_Nevus\Common_Nevus_0330.png,0
C:\Users\bharath kumar\OneDrive\Documents\dl louda\src\datasets\synthetic\train\Common_Nevus\Common_Nevus_0331.png,0
C:\Users\bharath kumar\OneDrive\Documents\dl louda\src\datasets\synthetic\train\Common_Nevus\Common_Nevus_0332.png,0
C:\Users\bharath kumar\OneDrive\Documents\dl louda\src\datasets\synthetic\train\Common_Nevus\Common_Nevus_0333.png,0
C:\Users\bharath kumar\OneDrive\Documents\dl louda\src\datasets\synthetic\train\Common_Nevus\Common_Nevus_0334.png,0
C:\Users\bharath kumar\OneDrive\Documents\dl louda\src\datasets\synthetic\train\Common_Nevus\Common_Nevus_0335.png,0
C:\Users\bharath kumar\OneDrive\Documents\dl louda\src\datasets\synthetic\train\Common_Nevus\Common_Nevus_0336.png,0
C:\Users\bharath kumar\OneDrive\Documents\dl louda\src\datasets\synthetic\train\Common_Nevus\Common_Nevus_0337.png,0
C:\Users\bharath kumar\OneDrive\Documents\dl louda\src\datasets\synthetic\train\Common_Nevus\Common_Nevus_0338.png,0
C:\Users\bharath kumar\OneDrive\Documents\dl louda\src\datasets\synthetic\train\Common_Nevus\Common_Nevus_0339.png,0
C:\Users\bharath kumar\OneDrive\Documents\dl louda\src\datasets\synthetic\train\Common_Nevus\Common_Nevus_0340.png,0
C:\Users\bharath kumar\OneDrive\Documents\dl louda\src\datasets\synthetic\train\Common_Nevus\Common_Nevus_0341.png,0
C:\Users\bharath kumar\OneDrive\Documents\dl louda\src\datasets\synthetic\train\Common_Nevus\Common_Nevus_0342.png,0
C:\Users\bharath kumar\OneDrive\Documents\dl louda\src\datasets\synthetic\train\Common_Nevus\Common_Nevus_0343.png,0
C:\Users\bharath kumar\OneDrive\Documents\dl louda\src\datasets\synthetic\train\Common_Nevus\Common_Nevus_0344.png,0
C:\Users\bharath kumar\OneDrive\Documents\dl louda\src\datasets\synthetic\train\Common_Nevus\Common_Nevus_0345.png,0
C:\Users\bharath kumar\OneDrive\Documents\dl louda\src\datasets\synthetic\train\Common_Nevus\Common_Nevus_0346.png,0
C:\Users\bharath kumar\OneDrive\Documents\dl louda\src\datasets\synthetic\train\Common_Nevus\Common_Nevus_0347.png,0
C:\Users\bharath kumar\OneDrive\Documents\dl louda\src\datasets\synthetic\train\Common_Nevus\Common_Nevus_0348.png,0
C:\Users\bharath kumar\OneDrive\Documents\dl louda\src\datasets\synthetic\train\Common_Nevus\Common_Nevus_0349.png,0
C:\Users\bharath kumar\OneDrive\Documents\dl louda\src\datasets\synthetic\train\Common_Nevus\Common_Nevus_0350.png,0
C:\Users\bharath kumar\OneDrive\Documents\dl louda\src\datasets\synthetic\train\Common_Nevus\Common_Nevus_0351.png,0
C:\Users\bharath kumar\OneDrive\Documents\dl louda\src\datasets\synthetic\train\Common_Nevus\Common_Nevus_0352.png,0
C:\Users\bharath kumar\OneDrive\Documents\dl louda\src\datasets\synthetic\train\Common_Nevus\Common_Nevus_0353.png,0
C:\Users\bharath kumar\OneDrive\Documents\dl louda\src\datasets\synthetic\train\Common_Nevus\Common_Nevus_0354.png,0
C:\Users\bharath kumar\OneDrive\Documents\dl louda\src\datasets\synthetic\train\Common_Nevus\Common_Nevus_0355.png,0
C:\Users\bharath kumar\OneDrive\Documents\dl louda\src\datasets\synthetic\train\Common_Nevus\Common_Nevus_0356.png,0
C:\Users\bharath kumar\OneDrive\Documents\dl louda\src\datasets\synthetic\train\Common_Nevus\Common_Nevus_0357.png,0
C:\Users\bharath kumar\OneDrive\Documents\dl louda\src\datasets\synthetic\train\Common_Nevus\Common_Nevus_0358.png,0
C:\Users\bharath kumar\OneDrive\Documents\dl louda\src\datasets\synthetic\train\Common_Nevus\Common_Nevus_0359.png,0
C:\Users\bharath kumar\OneDrive\Documents\dl louda\src\datasets\synthetic\train\Common_Nevus\Common_Nevus_0360.png,0
C:\Users\bharath kumar\OneDrive\Documents\dl louda\src\datasets\synthetic\train\Common_Nevus\Common_Nevus_0361.png,0
C:\Users\bharath kumar\OneDrive\Documents\dl louda\src\datasets\synthetic\train\Common_Nevus\Common_Nevus_0362.png,0
C:\Users\bharath kumar\OneDrive\Documents\dl louda\src\datasets\synthetic\train\Common_Nevus\Common_Nevus_0363.png,0
C:\Users\bharath kumar\OneDrive\Documents\dl louda\src\datasets\synthetic\train\Common_Nevus\Common_Nevus_0364.png,0
C:\Users\bharath kumar\OneDrive\Documents\dl louda\src\datasets\synthetic\train\Common_Nevus\Common_Nevus_0365.png,0
C:\Users\bharath kumar\OneDrive\Documents\dl louda\src\datasets\synthetic\train\Common_Nevus\Common_Nevus_0366.png,0
C:\Users\bharath kumar\OneDrive\Documents\dl louda\src\datasets\synthetic\train\Common_Nevus\Common_Nevus_0367.png,0
C:\Users\bharath kumar\OneDrive\Documents\dl louda\src\datasets\synthetic\train\Common_Nevus\Common_Nevus_0368.png,0
C:\Users\bharath kumar\OneDrive\Documents\dl louda\src\datasets\synthetic\train\Common_Nevus\Common_Nevus_0369.png,0
C:\Users\bharath kumar\OneDrive\Documents\dl louda\src\datasets\synthetic\train\Common_Nevus\Common_Nevus_0370.png,0
C:\Users\bharath kumar\OneDrive\Documents\dl louda\src\datasets\synthetic\train\Common_Nevus\Common_Nevus_0371.png,0
C:\Users\bharath kumar\OneDrive\Documents\dl louda\src\datasets\synthetic\train\Common_Nevus\Common_Nevus_0372.png,0
C:\Users\bharath kumar\OneDrive\Documents\dl louda\src\datasets\synthetic\train\Common_Nevus\Common_Nevus_0373.png,0
C:\Users\bharath kumar\OneDrive\Documents\dl louda\src\datasets\synthetic\train\Common_Nevus\Common_Nevus_0374.png,0
C:\Users\bharath kumar\OneDrive\Documents\dl louda\src\datasets\synthetic\train\Common_Nevus\Common_Nevus_0375.png,0
C:\Users\bharath kumar\OneDrive\Documents\dl louda\src\datasets\synthetic\train\Common_Nevus\Common_Nevus_0376.png,0
C:\Users\bharath kumar\OneDrive\Documents\dl louda\src\datasets\synthetic\train\Common_Nevus\Common_Nevus_0377.png,0
C:\Users\bharath kumar\OneDrive\Documents\dl louda\src\datasets\synthetic\train\Common_Nevus\Common_Nevus_0378.png,0
C:\Users\bharath kumar\OneDrive\Documents\dl louda\src\datasets\synthetic\train\Common_Nevus\Common_Nevus_0379.png,0
C:\Users\bharath kumar\OneDrive\Documents\dl louda\src\datasets\synthetic\train\Common_Nevus\Common_Nevus_0380.png,0
C:\Users\bharath kumar\OneDrive\Documents\dl louda\src\datasets\synthetic\train\Common_Nevus\Common_Nevus_0381.png,0
C:\Users\bharath kumar\OneDrive\Documents\dl louda\src\datasets\synthetic\train\Common_Nevus\Common_Nevus_0382.png,0
C:\Users\bharath kumar\OneDrive\Documents\dl louda\src\datasets\synthetic\train\Common_Nevus\Common_Nevus_0383.png,0
C:\Users\bharath kumar\OneDrive\Documents\dl louda\src\datasets\synthetic\train\Common_Nevus\Common_Nevus_0384.png,0
C:\Users\bharath kumar\OneDrive\Documents\dl louda\src\datasets\synthetic\train\Common_Nevus\Common_Nevus_0385.png,0
C:\Users\bharath kumar\OneDrive\Documents\dl louda\src\datasets\synthetic\train\Common_Nevus\Common_Nevus_0386.png,0
C:\Users\bharath kumar\OneDrive\Documents\dl louda\src\datasets\synthetic\train\Common_Nevus\Common_Nevus_0387.png,0
C:\Users\bharath kumar\OneDrive\Documents\dl louda\src\datasets\synthetic\train\Common_Nevus\Common_Nevus_0388.png,0
C:\Users\bharath kumar\OneDrive\Documents\dl louda\src\datasets\synthetic\train\Common_Nevus\Common_Nevus_0389.png,0
C:\Users\bharath kumar\OneDrive\Documents\dl louda\src\datasets\synthetic\train\Common_Nevus\Common_Nevus_0390.png,0
C:\Users\bharath kumar\OneDrive\Documents\dl louda\src\datasets\synthetic\train\Common_Nevus\Common_Nevus_0391.png,0
C:\Users\bharath kumar\OneDrive\Documents\dl louda\src\datasets\synthetic\train\Common_Nevus\Common_Nevus_0392.png,0
C:\Users\bharath kumar\OneDrive\Documents\dl louda\src\datasets\synthetic\train\Common_Nevus\Common_Nevus_0393.png,0
C:\Users\bharath kumar\OneDrive\Documents\dl louda\src\datasets\synthetic\train\Common_Nevus\Common_Nevus_0394.png,0
C:\Users\bharath kumar\OneDrive\Documents\dl louda\src\datasets\synthetic\train\Common_Nevus\Common_Nevus_0395.png,0
C:\Users\bharath kumar\OneDrive\Documents\dl louda\src\datasets\synthetic\train\Common_Nevus\Common_Nevus_0396.png,0
C:\Users\bharath kumar\OneDrive\Documents\dl louda\src\datasets\synthetic\train\Common_Nevus\Common_Nevus_0397.png,0
C:\Users\bharath kumar\OneDrive\Documents\dl louda\src\datasets\synthetic\train\Common_Nevus\Common_Nevus_0398.png,0
C:\Users\bharath kumar\OneDrive\Documents\dl louda\src\datasets\synthetic\train\Common_Nevus\Common_Nevus_0399.png,0
C:\Users\bharath kumar\OneDrive\Documents\dl louda\src\datasets\synthetic\train\Atypical_Nevus\Atypical_Nevus_0000.png,1
C:\Users\bharath kumar\OneDrive\Documents\dl louda\src\datasets\synthetic\train\Atypical_Nevus\Atypical_Nevus_0001.png,1
C:\Users\bharath kumar\OneDrive\Documents\dl louda\src\datasets\synthetic\train\Atypical_Nevus\Atypical_Nevus_0002.png,1
C:\Users\bharath kumar\OneDrive\Documents\dl louda\src\datasets\synthetic\train\Atypical_Nevus\Atypical_Nevus_0003.png,1
C:\Users\bharath kumar\OneDrive\Documents\dl louda\src\datasets\synthetic\train\Atypical_Nevus\Atypical_Nevus_0004.png,1
C:\Users\bharath kumar\OneDrive\Documents\dl louda\src\datasets\synthetic\train\Atypical_Nevus\Atypical_Nevus_0005.png,1
C:\Users\bharath kumar\OneDrive\Documents\dl louda\src\datasets\synthetic\train\Atypical_Nevus\Atypical_Nevus_0006.png,1
C:\Users\bharath kumar\OneDrive\Documents\dl louda\src\datasets\synthetic\train\Atypical_Nevus\Atypical_Nevus_0007.png,1
C:\Users\bharath kumar\OneDrive\Documents\dl louda\src\datasets\synthetic\train\Atypical_Nevus\Atypical_Nevus_0008.png,1
C:\Users\bharath kumar\OneDrive\Documents\dl louda\src\datasets\synthetic\train\Atypical_Nevus\Atypical_Nevus_0009.png,1
C:\Users\bharath kumar\OneDrive\Documents\dl louda\src\datasets\synthetic\train\Atypical_Nevus\Atypical_Nevus_0010.png,1
C:\Users\bharath kumar\OneDrive\Documents\dl louda\src\datasets\synthetic\train\Atypical_Nevus\Atypical_Nevus_0011.png,1
C:\Users\bharath kumar\OneDrive\Documents\dl louda\src\datasets\synthetic\train\Atypical_Nevus\Atypical_Nevus_0012.png,1
C:\Users\bharath kumar\OneDrive\Documents\dl louda\src\datasets\synthetic\train\Atypical_Nevus\Atypical_Nevus_0013.png,1
C:\Users\bharath kumar\OneDrive\Documents\dl louda\src\datasets\synthetic\train\Atypical_Nevus\Atypical_Nevus_0014.png,1
C:\Users\bharath kumar\OneDrive\Documents\dl louda\src\datasets\synthetic\train\Atypical_Nevus\Atypical_Nevus_0015.png,1
C:\Users\bharath kumar\OneDrive\Documents\dl louda\src\datasets\synthetic\train\Atypical_Nevus\Atypical_Nevus_0016.png,1
C:\Users\bharath kumar\OneDrive\Documents\dl louda\src\datasets\synthetic\train\Atypical_Nevus\Atypical_Nevus_0017.png,1
C:\Users\bharath kumar\OneDrive\Documents\dl louda\src\datasets\synthetic\train\Atypical_Nevus\Atypical_Nevus_0018.png,1
C:\Users\bharath kumar\OneDrive\Documents\dl louda\src\datasets\synthetic\train\Atypical_Nevus\Atypical_Nevus_0019.png,1
C:\Users\bharath kumar\OneDrive\Documents\dl louda\src\datasets\synthetic\train\Atypical_Nevus\Atypical_Nevus_0020.png,1
C:\Users\bharath kumar\OneDrive\Documents\dl louda\src\datasets\synthetic\train\Atypical_Nevus\Atypical_Nevus_0021.png,1
C:\Users\bharath kumar\OneDrive\Documents\dl louda\src\datasets\synthetic\train\Atypical_Nevus\Atypical_Nevus_0022.png,1
C:\Users\bharath kumar\OneDrive\Documents\dl louda\src\datasets\synthetic\train\Atypical_Nevus\Atypical_Nevus_0023.png,1
C:\Users\bharath kumar\OneDrive\Documents\dl louda\src\datasets\synthetic\train\Atypical_Nevus\Atypical_Nevus_0024.png,1
C:\Users\bharath kumar\OneDrive\Documents\dl louda\src\datasets\synthetic\train\Atypical_Nevus\Atypical_Nevus_0025.png,1
C:\Users\bharath kumar\OneDrive\Documents\dl louda\src\datasets\synthetic\train\Atypical_Nevus\Atypical_Nevus_0026.png,1
C:\Users\bharath kumar\OneDrive\Documents\dl louda\src\datasets\synthetic\train\Atypical_Nevus\Atypical_Nevus_0027.png,1
C:\Users\bharath kumar\OneDrive\Documents\dl louda\src\datasets\synthetic\train\Atypical_Nevus\Atypical_Nevus_0028.png,1
C:\Users\bharath kumar\OneDrive\Documents\dl louda\src\datasets\synthetic\train\Atypical_Nevus\Atypical_Nevus_0029.png,1
C:\Users\bharath kumar\OneDrive\Documents\dl louda\src\datasets\synthetic\train\Atypical_Nevus\Atypical_Nevus_0030.png,1
C:\Users\bharath kumar\OneDrive\Documents\dl louda\src\datasets\synthetic\train\Atypical_Nevus\Atypical_Nevus_0031.png,1
C:\Users\bharath kumar\OneDrive\Documents\dl louda\src\datasets\synthetic\train\Atypical_Nevus\Atypical_Nevus_0032.png,1
C:\Users\bharath kumar\OneDrive\Documents\dl louda\src\datasets\synthetic\train\Atypical_Nevus\Atypical_Nevus_0033.png,1
C:\Users\bharath kumar\OneDrive\Documents\dl louda\src\datasets\synthetic\train\Atypical_Nevus\Atypical_Nevus_0034.png,1
C:\Users\bharath kumar\OneDrive\Documents\dl louda\src\datasets\synthetic\train\Atypical_Nevus\Atypical_Nevus_0035.png,1
C:\Users\bharath kumar\OneDrive\Documents\dl louda\src\datasets\synthetic\train\Atypical_Nevus\Atypical_Nevus_0036.png,1
C:\Users\bharath kumar\OneDrive\Documents\dl louda\src\datasets\synthetic\train\Atypical_Nevus\Atypical_Nevus_0037.png,1
C:\Users\bharath kumar\OneDrive\Documents\dl louda\src\datasets\synthetic\train\Atypical_Nevus\Atypical_Nevus_0038.png,1
C:\Users\bharath kumar\OneDrive\Documents\dl louda\src\datasets\synthetic\train\Atypical_Nevus\Atypical_Nevus_0039.png,1
C:\Users\bharath kumar\OneDrive\Documents\dl louda\src\datasets\synthetic\train\Atypical_Nevus\Atypical_Nevus_0040.png,1
C:\Users\bharath kumar\OneDrive\Documents\dl louda\src\datasets\synthetic\train\Atypical_Nevus\Atypical_Nevus_0041.png,1
C:\Users\bharath kumar\OneDrive\Documents\dl louda\src\datasets\synthetic\train\Atypical_Nevus\Atypical_Nevus_0042.png,1
C:\Users\bharath kumar\OneDrive\Documents\dl louda\src\datasets\synthetic\train\Atypical_Nevus\Atypical_Nevus_0043.png,1
C:\Users\bharath kumar\OneDrive\Documents\dl louda\src\datasets\synthetic\train\Atypical_Nevus\Atypical_Nevus_0044.png,1
C:\Users\bharath kumar\OneDrive\Documents\dl louda\src\datasets\synthetic\train\Atypical_Nevus\Atypical_Nevus_0045.png,1
C:\Users\bharath kumar\OneDrive\Documents\dl louda\src\datasets\synthetic\train\Atypical_Nevus\Atypical_Nevus_0046.png,1
C:\Users\bharath kumar\OneDrive\Documents\dl louda\src\datasets\synthetic\train\Atypical_Nevus\Atypical_Nevus_0047.png,1
C:\Users\bharath kumar\OneDrive\Documents\dl louda\src\datasets\synthetic\train\Atypical_Nevus\Atypical_Nevus_0048.png,1
C:\Users\bharath kumar\OneDrive\Documents\dl louda\src\datasets\synthetic\train\Atypical_Nevus\Atypical_Nevus_0049.png,1
C:\Users\bharath kumar\OneDrive\Documents\dl louda\src\datasets\synthetic\train\Atypical_Nevus\Atypical_Nevus_0050.png,1
C:\Users\bharath kumar\OneDrive\Documents\dl louda\src\datasets\synthetic\train\Atypical_Nevus\Atypical_Nevus_0051.png,1
C:\Users\bharath kumar\OneDrive\Documents\dl louda\src\datasets\synthetic\train\Atypical_Nevus\Atypical_Nevus_0052.png,1
C:\Users\bharath kumar\OneDrive\Documents\dl louda\src\datasets\synthetic\train\Atypical_Nevus\Atypical_Nevus_0053.png,1
C:\Users\bharath kumar\OneDrive\Documents\dl louda\src\datasets\synthetic\train\Atypical_Nevus\Atypical_Nevus_0054.png,1
C:\Users\bharath kumar\OneDrive\Documents\dl louda\src\datasets\synthetic\train\Atypical_Nevus\Atypical_Nevus_0055.png,1
C:\Users\bharath kumar\OneDrive\Documents\dl louda\src\datasets\synthetic\train\Atypical_Nevus\Atypical_Nevus_0056.png,1
C:\Users\bharath kumar\OneDrive\Documents\dl louda\src\datasets\synthetic\train\Atypical_Nevus\Atypical_Nevus_0057.png,1
C:\Users\bharath kumar\OneDrive\Documents\dl louda\src\datasets\synthetic\train\Atypical_Nevus\Atypical_Nevus_0058.png,1
C:\Users\bharath kumar\OneDrive\Documents\dl louda\src\datasets\synthetic\train\Atypical_Nevus\Atypical_Nevus_0059.png,1
C:\Users\bharath kumar\OneDrive\Documents\dl louda\src\datasets\synthetic\train\Atypical_Nevus\Atypical_Nevus_0060.png,1
C:\Users\bharath kumar\OneDrive\Documents\dl louda\src\datasets\synthetic\train\Atypical_Nevus\Atypical_Nevus_0061.png,1
C:\Users\bharath kumar\OneDrive\Documents\dl louda\src\datasets\synthetic\train\Atypical_Nevus\Atypical_Nevus_0062.png,1
C:\Users\bharath kumar\OneDrive\Documents\dl louda\src\datasets\synthetic\train\Atypical_Nevus\Atypical_Nevus_0063.png,1
C:\Users\bharath kumar\OneDrive\Documents\dl louda\src\datasets\synthetic\train\Atypical_Nevus\Atypical_Nevus_0064.png,1
C:\Users\bharath kumar\OneDrive\Documents\dl louda\src\datasets\synthetic\train\Atypical_Nevus\Atypical_Nevus_0065.png,1
C:\Users\bharath kumar\OneDrive\Documents\dl louda\src\datasets\synthetic\train\Atypical_Nevus\Atypical_Nevus_0066.png,1
C:\Users\bharath kumar\OneDrive\Documents\dl louda\src\datasets\synthetic\train\Atypical_Nevus\Atypical_Nevus_0067.png,1
C:\Users\bharath kumar\OneDrive\Documents\dl louda\src\datasets\synthetic\train\Atypical_Nevus\Atypical_Nevus_0068.png,1
C:\Users\bharath kumar\OneDrive\Documents\dl louda\src\datasets\synthetic\train\Atypical_Nevus\Atypical_Nevus_0069.png,1
C:\Users\bharath kumar\OneDrive\Documents\dl louda\src\datasets\synthetic\train\Atypical_Nevus\Atypical_Nevus_0070.png,1
C:\Users\bharath kumar\OneDrive\Documents\dl louda\src\datasets\synthetic\train\Atypical_Nevus\Atypical_Nevus_0071.png,1
C:\Users\bharath kumar\OneDrive\Documents\dl louda\src\datasets\synthetic\train\Atypical_Nevus\Atypical_Nevus_0072.png,1
C:\Users\bharath kumar\OneDrive\Documents\dl louda\src\datasets\synthetic\train\Atypical_Nevus\Atypical_Nevus_0073.png,1
C:\Users\bharath kumar\OneDrive\Documents\dl louda\src\datasets\synthetic\train\Atypical_Nevus\Atypical_Nevus_0074.png,1
C:\Users\bharath kumar\OneDrive\Documents\dl louda\src\datasets\synthetic\train\Atypical_Nevus\Atypical_Nevus_0075.png,1
C:\Users\bharath kumar\OneDrive\Documents\dl louda\src\datasets\synthetic\train\Atypical_Nevus\Atypical_Nevus_0076.png,1
C:\Users\bharath kumar\OneDrive\Documents\dl louda\src\datasets\synthetic\train\Atypical_Nevus\Atypical_Nevus_0077.png,1
C:\Users\bharath kumar\OneDrive\Documents\dl louda\src\datasets\synthetic\train\Atypical_Nevus\Atypical_Nevus_0078.png,1
C:\Users\bharath kumar\OneDrive\Documents\dl louda\src\datasets\synthetic\train\Atypical_Nevus\Atypical_Nevus_0079.png,1
C:\Users\bharath kumar\OneDrive\Documents\dl louda\src\datasets\synthetic\train\Atypical_Nevus\Atypical_Nevus_0080.png,1
C:\Users\bharath kumar\OneDrive\Documents\dl louda\src\datasets\synthetic\train\Atypical_Nevus\Atypical_Nevus_0081.png,1
C:\Users\bharath kumar\OneDrive\Documents\dl louda\src\datasets\synthetic\train\Atypical_Nevus\Atypical_Nevus_0082.png,1
C:\Users\bharath kumar\OneDrive\Documents\dl louda\src\datasets\synthetic\train\Atypical_Nevus\Atypical_Nevus_0083.png,1
C:\Users\bharath kumar\OneDrive\Documents\dl louda\src\datasets\synthetic\train\Atypical_Nevus\Atypical_Nevus_0084.png,1
C:\Users\bharath kumar\OneDrive\Documents\dl louda\src\datasets\synthetic\train\Atypical_Nevus\Atypical_Nevus_0085.png,1
C:\Users\bharath kumar\OneDrive\Documents\dl louda\src\datasets\synthetic\train\Atypical_Nevus\Atypical_Nevus_0086.png,1
C:\Users\bharath kumar\OneDrive\Documents\dl louda\src\datasets\synthetic\train\Atypical_Nevus\Atypical_Nevus_0087.png,1
C:\Users\bharath kumar\OneDrive\Documents\dl louda\src\datasets\synthetic\train\Atypical_Nevus\Atypical_Nevus_0088.png,1
C:\Users\bharath kumar\OneDrive\Documents\dl louda\src\datasets\synthetic\train\Atypical_Nevus\Atypical_Nevus_0089.png,1
C:\Users\bharath kumar\OneDrive\Documents\dl louda\src\datasets\synthetic\train\Atypical_Nevus\Atypical_Nevus_0090.png,1
C:\Users\bharath kumar\OneDrive\Documents\dl louda\src\datasets\synthetic\train\Atypical_Nevus\Atypical_Nevus_0091.png,1
C:\Users\bharath kumar\OneDrive\Documents\dl louda\src\datasets\synthetic\train\Atypical_Nevus\Atypical_Nevus_0092.png,1
C:\Users\bharath kumar\OneDrive\Documents\dl louda\src\datasets\synthetic\train\Atypical_Nevus\Atypical_Nevus_0093.png,1
C:\Users\bharath kumar\OneDrive\Documents\dl louda\src\datasets\synthetic\train\Atypical_Nevus\Atypical_Nevus_0094.png,1
C:\Users\bharath kumar\OneDrive\Documents\dl louda\src\datasets\synthetic\train\Atypical_Nevus\Atypical_Nevus_0095.png,1
C:\Users\bharath kumar\OneDrive\Documents\dl louda\src\datasets\synthetic\train\Atypical_Nevus\Atypical_Nevus_0096.png,1
C:\Users\bharath kumar\OneDrive\Documents\dl louda\src\datasets\synthetic\train\Atypical_Nevus\Atypical_Nevus_0097.png,1
C:\Users\bharath kumar\OneDrive\Documents\dl louda\src\datasets\synthetic\train\Atypical_Nevus\Atypical_Nevus_0098.png,1
C:\Users\bharath kumar\OneDrive\Documents\dl louda\src\datasets\synthetic\train\Atypical_Nevus\Atypical_Nevus_0099.png,1
C:\Users\bharath kumar\OneDrive\Documents\dl louda\src\datasets\synthetic\train\Atypical_Nevus\Atypical_Nevus_0100.png,1
C:\Users\bharath kumar\OneDrive\Documents\dl louda\src\datasets\synthetic\train\Atypical_Nevus\Atypical_Nevus_0101.png,1
C:\Users\bharath kumar\OneDrive\Documents\dl louda\src\datasets\synthetic\train\Atypical_Nevus\Atypical_Nevus_0102.png,1
C:\Users\bharath kumar\OneDrive\Documents\dl louda\src\datasets\synthetic\train\Atypical_Nevus\Atypical_Nevus_0103.png,1
C:\Users\bharath kumar\OneDrive\Documents\dl louda\src\datasets\synthetic\train\Atypical_Nevus\Atypical_Nevus_0104.png,1
C:\Users\bharath kumar\OneDrive\Documents\dl louda\src\datasets\synthetic\train\Atypical_Nevus\Atypical_Nevus_0105.png,1
C:\Users\bharath kumar\OneDrive\Documents\dl louda\src\datasets\synthetic\train\Atypical_Nevus\Atypical_Nevus_0106.png,1
C:\Users\bharath kumar\OneDrive\Documents\dl louda\src\datasets\synthetic\train\Atypical_Nevus\Atypical_Nevus_0107.png,1
C:\Users\bharath kumar\OneDrive\Documents\dl louda\src\datasets\synthetic\train\Atypical_Nevus\Atypical_Nevus_0108.png,1
C:\Users\bharath kumar\OneDrive\Documents\dl louda\src\datasets\synthetic\train\Atypical_Nevus\Atypical_Nevus_0109.png,1
C:\Users\bharath kumar\OneDrive\Documents\dl louda\src\datasets\synthetic\train\Atypical_Nevus\Atypical_Nevus_0110.png,1
C:\Users\bharath kumar\OneDrive\Documents\dl louda\src\datasets\synthetic\train\Atypical_Nevus\Atypical_Nevus_0111.png,1
C:\Users\bharath kumar\OneDrive\Documents\dl louda\src\datasets\synthetic\train\Atypical_Nevus\Atypical_Nevus_0112.png,1
C:\Users\bharath kumar\OneDrive\Documents\dl louda\src\datasets\synthetic\train\Atypical_Nevus\Atypical_Nevus_0113.png,1
C:\Users\bharath kumar\OneDrive\Documents\dl louda\src\datasets\synthetic\train\Atypical_Nevus\Atypical_Nevus_0114.png,1
C:\Users\bharath kumar\OneDrive\Documents\dl louda\src\datasets\synthetic\train\Atypical_Nevus\Atypical_Nevus_0115.png,1
C:\Users\bharath kumar\OneDrive\Documents\dl louda\src\datasets\synthetic\train\Atypical_Nevus\Atypical_Nevus_0116.png,1
C:\Users\bharath kumar\OneDrive\Documents\dl louda\src\datasets\synthetic\train\Atypical_Nevus\Atypical_Nevus_0117.png,1
C:\Users\bharath kumar\OneDrive\Documents\dl louda\src\datasets\synthetic\train\Atypical_Nevus\Atypical_Nevus_0118.png,1
C:\Users\bharath kumar\OneDrive\Documents\dl louda\src\datasets\synthetic\train\Atypical_Nevus\Atypical_Nevus_0119.png,1
C:\Users\bharath kumar\OneDrive\Documents\dl louda\src\datasets\synthetic\train\Atypical_Nevus\Atypical_Nevus_0120.png,1
C:\Users\bharath kumar\OneDrive\Documents\dl louda\src\datasets\synthetic\train\Atypical_Nevus\Atypical_Nevus_0121.png,1
C:\Users\bharath kumar\OneDrive\Documents\dl louda\src\datasets\synthetic\train\Atypical_Nevus\Atypical_Nevus_0122.png,1
C:\Users\bharath kumar\OneDrive\Documents\dl louda\src\datasets\synthetic\train\Atypical_Nevus\Atypical_Nevus_0123.png,1
C:\Users\bharath kumar\OneDrive\Documents\dl louda\src\datasets\synthetic\train\Atypical_Nevus\Atypical_Nevus_0124.png,1
C:\Users\bharath kumar\OneDrive\Documents\dl louda\src\datasets\synthetic\train\Atypical_Nevus\Atypical_Nevus_0125.png,1
C:\Users\bharath kumar\OneDrive\Documents\dl louda\src\datasets\synthetic\train\Atypical_Nevus\Atypical_Nevus_0126.png,1
C:\Users\bharath kumar\OneDrive\Documents\dl louda\src\datasets\synthetic\train\Atypical_Nevus\Atypical_Nevus_0127.png,1
C:\Users\bharath kumar\OneDrive\Documents\dl louda\src\datasets\synthetic\train\Atypical_Nevus\Atypical_Nevus_0128.png,1
C:\Users\bharath kumar\OneDrive\Documents\dl louda\src\datasets\synthetic\train\Atypical_Nevus\Atypical_Nevus_0129.png,1
C:\Users\bharath kumar\OneDrive\Documents\dl louda\src\datasets\synthetic\train\Atypical_Nevus\Atypical_Nevus_0130.png,1
C:\Users\bharath kumar\OneDrive\Documents\dl louda\src\datasets\synthetic\train\Atypical_Nevus\Atypical_Nevus_0131.png,1
C:\Users\bharath kumar\OneDrive\Documents\dl louda\src\datasets\synthetic\train\Atypical_Nevus\Atypical_Nevus_0132.png,1
C:\Users\bharath kumar\OneDrive\Documents\dl louda\src\datasets\synthetic\train\Atypical_Nevus\Atypical_Nevus_0133.png,1
C:\Users\bharath kumar\OneDrive\Documents\dl louda\src\datasets\synthetic\train\Atypical_Nevus\Atypical_Nevus_0134.png,1
C:\Users\bharath kumar\OneDrive\Documents\dl louda\src\datasets\synthetic\train\Atypical_Nevus\Atypical_Nevus_0135.png,1
C:\Users\bharath kumar\OneDrive\Documents\dl louda\src\datasets\synthetic\train\Atypical_Nevus\Atypical_Nevus_0136.png,1
C:\Users\bharath kumar\OneDrive\Documents\dl louda\src\datasets\synthetic\train\Atypical_Nevus\Atypical_Nevus_0137.png,1
C:\Users\bharath kumar\OneDrive\Documents\dl louda\src\datasets\synthetic\train\Atypical_Nevus\Atypical_Nevus_0138.png,1
C:\Users\bharath kumar\OneDrive\Documents\dl louda\src\datasets\synthetic\train\Atypical_Nevus\Atypical_Nevus_0139.png,1
C:\Users\bharath kumar\OneDrive\Documents\dl louda\src\datasets\synthetic\train\Atypical_Nevus\Atypical_Nevus_0140.png,1
C:\Users\bharath kumar\OneDrive\Documents\dl louda\src\datasets\synthetic\train\Atypical_Nevus\Atypical_Nevus_0141.png,1
C:\Users\bharath kumar\OneDrive\Documents\dl louda\src\datasets\synthetic\train\Atypical_Nevus\Atypical_Nevus_0142.png,1
C:\Users\bharath kumar\OneDrive\Documents\dl louda\src\datasets\synthetic\train\Atypical_Nevus\Atypical_Nevus_0143.png,1
C:\Users\bharath kumar\OneDrive\Documents\dl louda\src\datasets\synthetic\train\Atypical_Nevus\Atypical_Nevus_0144.png,1
C:\Users\bharath kumar\OneDrive\Documents\dl louda\src\datasets\synthetic\train\Atypical_Nevus\Atypical_Nevus_0145.png,1
C:\Users\bharath kumar\OneDrive\Documents\dl louda\src\datasets\synthetic\train\Atypical_Nevus\Atypical_Nevus_0146.png,1
C:\Users\bharath kumar\OneDrive\Documents\dl louda\src\datasets\synthetic\train\Atypical_Nevus\Atypical_Nevus_0147.png,1
C:\Users\bharath kumar\OneDrive\Documents\dl louda\src\datasets\synthetic\train\Atypical_Nevus\Atypical_Nevus_0148.png,1
C:\Users\bharath kumar\OneDrive\Documents\dl louda\src\datasets\synthetic\train\Atypical_Nevus\Atypical_Nevus_0149.png,1
C:\Users\bharath kumar\OneDrive\Documents\dl louda\src\datasets\synthetic\train\Atypical_Nevus\Atypical_Nevus_0150.png,1
C:\Users\bharath kumar\OneDrive\Documents\dl louda\src\datasets\synthetic\train\Atypical_Nevus\Atypical_Nevus_0151.png,1
C:\Users\bharath kumar\OneDrive\Documents\dl louda\src\datasets\synthetic\train\Atypical_Nevus\Atypical_Nevus_0152.png,1
C:\Users\bharath kumar\OneDrive\Documents\dl louda\src\datasets\synthetic\train\Atypical_Nevus\Atypical_Nevus_0153.png,1
C:\Users\bharath kumar\OneDrive\Documents\dl louda\src\datasets\synthetic\train\Atypical_Nevus\Atypical_Nevus_0154.png,1
C:\Users\bharath kumar\OneDrive\Documents\dl louda\src\datasets\synthetic\train\Atypical_Nevus\Atypical_Nevus_0155.png,1
C:\Users\bharath kumar\OneDrive\Documents\dl louda\src\datasets\synthetic\train\Atypical_Nevus\Atypical_Nevus_0156.png,1
C:\Users\bharath kumar\OneDrive\Documents\dl louda\src\datasets\synthetic\train\Atypical_Nevus\Atypical_Nevus_0157.png,1
C:\Users\bharath kumar\OneDrive\Documents\dl louda\src\datasets\synthetic\train\Atypical_Nevus\Atypical_Nevus_0158.png,1
C:\Users\bharath kumar\OneDrive\Documents\dl louda\src\datasets\synthetic\train\Atypical_Nevus\Atypical_Nevus_0159.png,1
C:\Users\bharath kumar\OneDrive\Documents\dl louda\src\datasets\synthetic\train\Atypical_Nevus\Atypical_Nevus_0160.png,1
C:\Users\bharath kumar\OneDrive\Documents\dl louda\src\datasets\synthetic\train\Atypical_Nevus\Atypical_Nevus_0161.png,1
C:\Users\bharath kumar\OneDrive\Documents\dl louda\src\datasets\synthetic\train\Atypical_Nevus\Atypical_Nevus_0162.png,1
C:\Users\bharath kumar\OneDrive\Documents\dl louda\src\datasets\synthetic\train\Atypical_Nevus\Atypical_Nevus_0163.png,1
C:\Users\bharath kumar\OneDrive\Documents\dl louda\src\datasets\synthetic\train\Atypical_Nevus\Atypical_Nevus_0164.png,1
C:\Users\bharath kumar\OneDrive\Documents\dl louda\src\datasets\synthetic\train\Atypical_Nevus\Atypical_Nevus_0165.png,1
C:\Users\bharath kumar\OneDrive\Documents\dl louda\src\datasets\synthetic\train\Atypical_Nevus\Atypical_Nevus_0166.png,1
C:\Users\bharath kumar\OneDrive\Documents\dl louda\src\datasets\synthetic\train\Atypical_Nevus\Atypical_Nevus_0167.png,1
C:\Users\bharath kumar\OneDrive\Documents\dl louda\src\datasets\synthetic\train\Atypical_Nevus\Atypical_Nevus_0168.png,1
C:\Users\bharath kumar\OneDrive\Documents\dl louda\src\datasets\synthetic\train\Atypical_Nevus\Atypical_Nevus_0169.png,1
C:\Users\bharath kumar\OneDrive\Documents\dl louda\src\datasets\synthetic\train\Atypical_Nevus\Atypical_Nevus_0170.png,1
C:\Users\bharath kumar\OneDrive\Documents\dl louda\src\datasets\synthetic\train\Atypical_Nevus\Atypical_Nevus_0171.png,1
C:\Users\bharath kumar\OneDrive\Documents\dl louda\src\datasets\synthetic\train\Atypical_Nevus\Atypical_Nevus_0172.png,1
C:\Users\bharath kumar\OneDrive\Documents\dl louda\src\datasets\synthetic\train\Atypical_Nevus\Atypical_Nevus_0173.png,1
C:\Users\bharath kumar\OneDrive\Documents\dl louda\src\datasets\synthetic\train\Atypical_Nevus\Atypical_Nevus_0174.png,1
C:\Users\bharath kumar\OneDrive\Documents\dl louda\src\datasets\synthetic\train\Atypical_Nevus\Atypical_Nevus_0175.png,1
C:\Users\bharath kumar\OneDrive\Documents\dl louda\src\datasets\synthetic\train\Atypical_Nevus\Atypical_Nevus_0176.png,1
C:\Users\bharath kumar\OneDrive\Documents\dl louda\src\datasets\synthetic\train\Atypical_Nevus\Atypical_Nevus_0177.png,1
C:\Users\bharath kumar\OneDrive\Documents\dl louda\src\datasets\synthetic\train\Atypical_Nevus\Atypical_Nevus_0178.png,1
C:\Users\bharath kumar\OneDrive\Documents\dl louda\src\datasets\synthetic\train\Atypical_Nevus\Atypical_Nevus_0179.png,1
C:\Users\bharath kumar\OneDrive\Documents\dl louda\src\datasets\synthetic\train\Atypical_Nevus\Atypical_Nevus_0180.png,1
C:\Users\bharath kumar\OneDrive\Documents\dl louda\src\datasets\synthetic\train\Atypical_Nevus\Atypical_Nevus_0181.png,1
C:\Users\bharath kumar\OneDrive\Documents\dl louda\src\datasets\synthetic\train\Atypical_Nevus\Atypical_Nevus_0182.png,1
C:\Users\bharath kumar\OneDrive\Documents\dl louda\src\datasets\synthetic\train\Atypical_Nevus\Atypical_Nevus_0183.png,1
C:\Users\bharath kumar\OneDrive\Documents\dl louda\src\datasets\synthetic\train\Atypical_Nevus\Atypical_Nevus_0184.png,1
C:\Users\bharath kumar\OneDrive\Documents\dl louda\src\datasets\synthetic\train\Atypical_Nevus\Atypical_Nevus_0185.png,1
C:\Users\bharath kumar\OneDrive\Documents\dl louda\src\datasets\synthetic\train\Atypical_Nevus\Atypical_Nevus_0186.png,1
C:\Users\bharath kumar\OneDrive\Documents\dl louda\src\datasets\synthetic\train\Atypical_Nevus\Atypical_Nevus_0187.png,1
C:\Users\bharath kumar\OneDrive\Documents\dl louda\src\datasets\synthetic\train\Atypical_Nevus\Atypical_Nevus_0188.png,1
C:\Users\bharath kumar\OneDrive\Documents\dl louda\src\datasets\synthetic\train\Atypical_Nevus\Atypical_Nevus_0189.png,1
C:\Users\bharath kumar\OneDrive\Documents\dl louda\src\datasets\synthetic\train\Atypical_Nevus\Atypical_Nevus_0190.png,1
C:\Users\bharath kumar\OneDrive\Documents\dl louda\src\datasets\synthetic\train\Atypical_Nevus\Atypical_Nevus_0191.png,1
C:\Users\bharath kumar\OneDrive\Documents\dl louda\src\datasets\synthetic\train\Atypical_Nevus\Atypical_Nevus_0192.png,1
C:\Users\bharath kumar\OneDrive\Documents\dl louda\src\datasets\synthetic\train\Atypical_Nevus\Atypical_Nevus_0193.png,1
C:\Users\bharath kumar\OneDrive\Documents\dl louda\src\datasets\synthetic\train\Atypical_Nevus\Atypical_Nevus_0194.png,1
C:\Users\bharath kumar\OneDrive\Documents\dl louda\src\datasets\synthetic\train\Atypical_Nevus\Atypical_Nevus_0195.png,1
C:\Users\bharath kumar\OneDrive\Documents\dl louda\src\datasets\synthetic\train\Atypical_Nevus\Atypical_Nevus_0196.png,1
C:\Users\bharath kumar\OneDrive\Documents\dl louda\src\datasets\synthetic\train\Atypical_Nevus\Atypical_Nevus_0197.png,1
C:\Users\bharath kumar\OneDrive\Documents\dl louda\src\datasets\synthetic\train\Atypical_Nevus\Atypical_Nevus_0198.png,1
C:\Users\bharath kumar\OneDrive\Documents\dl louda\src\datasets\synthetic\train\Atypical_Nevus\Atypical_Nevus_0199.png,1
C:\Users\bharath kumar\OneDrive\Documents\dl louda\src\datasets\synthetic\train\Atypical_Nevus\Atypical_Nevus_0200.png,1
C:\Users\bharath kumar\OneDrive\Documents\dl louda\src\datasets\synthetic\train\Atypical_Nevus\Atypical_Nevus_0201.png,1
C:\Users\bharath kumar\OneDrive\Documents\dl louda\src\datasets\synthetic\train\Atypical_Nevus\Atypical_Nevus_0202.png,1
C:\Users\bharath kumar\OneDrive\Documents\dl louda\src\datasets\synthetic\train\Atypical_Nevus\Atypical_Nevus_0203.png,1
C:\Users\bharath kumar\OneDrive\Documents\dl louda\src\datasets\synthetic\train\Atypical_Nevus\Atypical_Nevus_0204.png,1
C:\Users\bharath kumar\OneDrive\Documents\dl louda\src\datasets\synthetic\train\Atypical_Nevus\Atypical_Nevus_0205.png,1
C:\Users\bharath kumar\OneDrive\Documents\dl louda\src\datasets\synthetic\train\Atypical_Nevus\Atypical_Nevus_0206.png,1
C:\Users\bharath kumar\OneDrive\Documents\dl louda\src\datasets\synthetic\train\Atypical_Nevus\Atypical_Nevus_0207.png,1
C:\Users\bharath kumar\OneDrive\Documents\dl louda\src\datasets\synthetic\train\Atypical_Nevus\Atypical_Nevus_0208.png,1
C:\Users\bharath kumar\OneDrive\Documents\dl louda\src\datasets\synthetic\train\Atypical_Nevus\Atypical_Nevus_0209.png,1
C:\Users\bharath kumar\OneDrive\Documents\dl louda\src\datasets\synthetic\train\Atypical_Nevus\Atypical_Nevus_0210.png,1
C:\Users\bharath kumar\OneDrive\Documents\dl louda\src\datasets\synthetic\train\Atypical_Nevus\Atypical_Nevus_0211.png,1
C:\Users\bharath kumar\OneDrive\Documents\dl louda\src\datasets\synthetic\train\Atypical_Nevus\Atypical_Nevus_0212.png,1
C:\Users\bharath kumar\OneDrive\Documents\dl louda\src\datasets\synthetic\train\Atypical_Nevus\Atypical_Nevus_0213.png,1
C:\Users\bharath kumar\OneDrive\Documents\dl louda\src\datasets\synthetic\train\Atypical_Nevus\Atypical_Nevus_0214.png,1
C:\Users\bharath kumar\OneDrive\Documents\dl louda\src\datasets\synthetic\train\Atypical_Nevus\Atypical_Nevus_0215.png,1
C:\Users\bharath kumar\OneDrive\Documents\dl louda\src\datasets\synthetic\train\Atypical_Nevus\Atypical_Nevus_0216.png,1
C:\Users\bharath kumar\OneDrive\Documents\dl louda\src\datasets\synthetic\train\Atypical_Nevus\Atypical_Nevus_0217.png,1
C:\Users\bharath kumar\OneDrive\Documents\dl louda\src\datasets\synthetic\train\Atypical_Nevus\Atypical_Nevus_0218.png,1
C:\Users\bharath kumar\OneDrive\Documents\dl louda\src\datasets\synthetic\train\Atypical_Nevus\Atypical_Nevus_0219.png,1
C:\Users\bharath kumar\OneDrive\Documents\dl louda\src\datasets\synthetic\train\Atypical_Nevus\Atypical_Nevus_0220.png,1
C:\Users\bharath kumar\OneDrive\Documents\dl louda\src\datasets\synthetic\train\Atypical_Nevus\Atypical_Nevus_0221.png,1
C:\Users\bharath kumar\OneDrive\Documents\dl louda\src\datasets\synthetic\train\Atypical_Nevus\Atypical_Nevus_0222.png,1
C:\Users\bharath kumar\OneDrive\Documents\dl louda\src\datasets\synthetic\train\Atypical_Nevus\Atypical_Nevus_0223.png,1
C:\Users\bharath kumar\OneDrive\Documents\dl louda\src\datasets\synthetic\train\Atypical_Nevus\Atypical_Nevus_0224.png,1
C:\Users\bharath kumar\OneDrive\Documents\dl louda\src\datasets\synthetic\train\Atypical_Nevus\Atypical_Nevus_0225.png,1
C:\Users\bharath kumar\OneDrive\Documents\dl louda\src\datasets\synthetic\train\Atypical_Nevus\Atypical_Nevus_0226.png,1
C:\Users\bharath kumar\OneDrive\Documents\dl louda\src\datasets\synthetic\train\Atypical_Nevus\Atypical_Nevus_0227.png,1
C:\Users\bharath kumar\OneDrive\Documents\dl louda\src\datasets\synthetic\train\Atypical_Nevus\Atypical_Nevus_0228.png,1
C:\Users\bharath kumar\OneDrive\Documents\dl louda\src\datasets\synthetic\train\Atypical_Nevus\Atypical_Nevus_0229.png,1
C:\Users\bharath kumar\OneDrive\Documents\dl louda\src\datasets\synthetic\train\Atypical_Nevus\Atypical_Nevus_0230.png,1
C:\Users\bharath kumar\OneDrive\Documents\dl louda\src\datasets\synthetic\train\Atypical_Nevus\Atypical_Nevus_0231.png,1
C:\Users\bharath kumar\OneDrive\Documents\dl louda\src\datasets\synthetic\train\Atypical_Nevus\Atypical_Nevus_0232.png,1
C:\Users\bharath kumar\OneDrive\Documents\dl louda\src\datasets\synthetic\train\Atypical_Nevus\Atypical_Nevus_0233.png,1
C:\Users\bharath kumar\OneDrive\Documents\dl louda\src\datasets\synthetic\train\Atypical_Nevus\Atypical_Nevus_0234.png,1
C:\Users\bharath kumar\OneDrive\Documents\dl louda\src\datasets\synthetic\train\Atypical_Nevus\Atypical_Nevus_0235.png,1
C:\Users\bharath kumar\OneDrive\Documents\dl louda\src\datasets\synthetic\train\Atypical_Nevus\Atypical_Nevus_0236.png,1
C:\Users\bharath kumar\OneDrive\Documents\dl louda\src\datasets\synthetic\train\Atypical_Nevus\Atypical_Nevus_0237.png,1
C:\Users\bharath kumar\OneDrive\Documents\dl louda\src\datasets\synthetic\train\Atypical_Nevus\Atypical_Nevus_0238.png,1
C:\Users\bharath kumar\OneDrive\Documents\dl louda\src\datasets\synthetic\train\Atypical_Nevus\Atypical_Nevus_0239.png,1
C:\Users\bharath kumar\OneDrive\Documents\dl louda\src\datasets\synthetic\train\Atypical_Nevus\Atypical_Nevus_0240.png,1
C:\Users\bharath kumar\OneDrive\Documents\dl louda\src\datasets\synthetic\train\Atypical_Nevus\Atypical_Nevus_0241.png,1
C:\Users\bharath kumar\OneDrive\Documents\dl louda\src\datasets\synthetic\train\Atypical_Nevus\Atypical_Nevus_0242.png,1
C:\Users\bharath kumar\OneDrive\Documents\dl louda\src\datasets\synthetic\train\Atypical_Nevus\Atypical_Nevus_0243.png,1
C:\Users\bharath kumar\OneDrive\Documents\dl louda\src\datasets\synthetic\train\Atypical_Nevus\Atypical_Nevus_0244.png,1
C:\Users\bharath kumar\OneDrive\Documents\dl louda\src\datasets\synthetic\train\Atypical_Nevus\Atypical_Nevus_0245.png,1
C:\Users\bharath kumar\OneDrive\Documents\dl louda\src\datasets\synthetic\train\Atypical_Nevus\Atypical_Nevus_0246.png,1
C:\Users\bharath kumar\OneDrive\Documents\dl louda\src\datasets\synthetic\train\Atypical_Nevus\Atypical_Nevus_0247.png,1
C:\Users\bharath kumar\OneDrive\Documents\dl louda\src\datasets\synthetic\train\Atypical_Nevus\Atypical_Nevus_0248.png,1
C:\Users\bharath kumar\OneDrive\Documents\dl louda\src\datasets\synthetic\train\Atypical_Nevus\Atypical_Nevus_0249.png,1
C:\Users\bharath kumar\OneDrive\Documents\dl louda\src\datasets\synthetic\train\Atypical_Nevus\Atypical_Nevus_0250.png,1
C:\Users\bharath kumar\OneDrive\Documents\dl louda\src\datasets\synthetic\train\Atypical_Nevus\Atypical_Nevus_0251.png,1
C:\Users\bharath kumar\OneDrive\Documents\dl louda\src\datasets\synthetic\train\Atypical_Nevus\Atypical_Nevus_0252.png,1
C:\Users\bharath kumar\OneDrive\Documents\dl louda\src\datasets\synthetic\train\Atypical_Nevus\Atypical_Nevus_0253.png,1
C:\Users\bharath kumar\OneDrive\Documents\dl louda\src\datasets\synthetic\train\Atypical_Nevus\Atypical_Nevus_0254.png,1
C:\Users\bharath kumar\OneDrive\Documents\dl louda\src\datasets\synthetic\train\Atypical_Nevus\Atypical_Nevus_0255.png,1
C:\Users\bharath kumar\OneDrive\Documents\dl louda\src\datasets\synthetic\train\Atypical_Nevus\Atypical_Nevus_0256.png,1
C:\Users\bharath kumar\OneDrive\Documents\dl louda\src\datasets\synthetic\train\Atypical_Nevus\Atypical_Nevus_0257.png,1
C:\Users\bharath kumar\OneDrive\Documents\dl louda\src\datasets\synthetic\train\Atypical_Nevus\Atypical_Nevus_0258.png,1
C:\Users\bharath kumar\OneDrive\Documents\dl louda\src\datasets\synthetic\train\Atypical_Nevus\Atypical_Nevus_0259.png,1
C:\Users\bharath kumar\OneDrive\Documents\dl louda\src\datasets\synthetic\train\Atypical_Nevus\Atypical_Nevus_0260.png,1
C:\Users\bharath kumar\OneDrive\Documents\dl louda\src\datasets\synthetic\train\Atypical_Nevus\Atypical_Nevus_0261.png,1
C:\Users\bharath kumar\OneDrive\Documents\dl louda\src\datasets\synthetic\train\Atypical_Nevus\Atypical_Nevus_0262.png,1
C:\Users\bharath kumar\OneDrive\Documents\dl louda\src\datasets\synthetic\train\Atypical_Nevus\Atypical_Nevus_0263.png,1
C:\Users\bharath kumar\OneDrive\Documents\dl louda\src\datasets\synthetic\train\Atypical_Nevus\Atypical_Nevus_0264.png,1
C:\Users\bharath kumar\OneDrive\Documents\dl louda\src\datasets\synthetic\train\Atypical_Nevus\Atypical_Nevus_0265.png,1
C:\Users\bharath kumar\OneDrive\Documents\dl louda\src\datasets\synthetic\train\Atypical_Nevus\Atypical_Nevus_0266.png,1
C:\Users\bharath kumar\OneDrive\Documents\dl louda\src\datasets\synthetic\train\Atypical_Nevus\Atypical_Nevus_0267.png,1
C:\Users\bharath kumar\OneDrive\Documents\dl louda\src\datasets\synthetic\train\Atypical_Nevus\Atypical_Nevus_0268.png,1
C:\Users\bharath kumar\OneDrive\Documents\dl louda\src\datasets\synthetic\train\Atypical_Nevus\Atypical_Nevus_0269.png,1
C:\Users\bharath kumar\OneDrive\Documents\dl louda\src\datasets\synthetic\train\Atypical_Nevus\Atypical_Nevus_0270.png,1
C:\Users\bharath kumar\OneDrive\Documents\dl louda\src\datasets\synthetic\train\Atypical_Nevus\Atypical_Nevus_0271.png,1
C:\Users\bharath kumar\OneDrive\Documents\dl louda\src\datasets\synthetic\train\Atypical_Nevus\Atypical_Nevus_0272.png,1
C:\Users\bharath kumar\OneDrive\Documents\dl louda\src\datasets\synthetic\train\Atypical_Nevus\Atypical_Nevus_0273.png,1
C:\Users\bharath kumar\OneDrive\Documents\dl louda\src\datasets\synthetic\train\Atypical_Nevus\Atypical_Nevus_0274.png,1
C:\Users\bharath kumar\OneDrive\Documents\dl louda\src\datasets\synthetic\train\Atypical_Nevus\Atypical_Nevus_0275.png,1
C:\Users\bharath kumar\OneDrive\Documents\dl louda\src\datasets\synthetic\train\Atypical_Nevus\Atypical_Nevus_0276.png,1
C:\Users\bharath kumar\OneDrive\Documents\dl louda\src\datasets\synthetic\train\Atypical_Nevus\Atypical_Nevus_0277.png,1
C:\Users\bharath kumar\OneDrive\Documents\dl louda\src\datasets\synthetic\train\Atypical_Nevus\Atypical_Nevus_0278.png,1
C:\Users\bharath kumar\OneDrive\Documents\dl louda\src\datasets\synthetic\train\Atypical_Nevus\Atypical_Nevus_0279.png,1
C:\Users\bharath kumar\OneDrive\Documents\dl louda\src\datasets\synthetic\train\Atypical_Nevus\Atypical_Nevus_0280.png,1
C:\Users\bharath kumar\OneDrive\Documents\dl louda\src\datasets\synthetic\train\Atypical_Nevus\Atypical_Nevus_0281.png,1
C:\Users\bharath kumar\OneDrive\Documents\dl louda\src\datasets\synthetic\train\Atypical_Nevus\Atypical_Nevus_0282.png,1
C:\Users\bharath kumar\OneDrive\Documents\dl louda\src\datasets\synthetic\train\Atypical_Nevus\Atypical_Nevus_0283.png,1
C:\Users\bharath kumar\OneDrive\Documents\dl louda\src\datasets\synthetic\train\Atypical_Nevus\Atypical_Nevus_0284.png,1
C:\Users\bharath kumar\OneDrive\Documents\dl louda\src\datasets\synthetic\train\Atypical_Nevus\Atypical_Nevus_0285.png,1
C:\Users\bharath kumar\OneDrive\Documents\dl louda\src\datasets\synthetic\train\Atypical_Nevus\Atypical_Nevus_0286.png,1
C:\Users\bharath kumar\OneDrive\Documents\dl louda\src\datasets\synthetic\train\Atypical_Nevus\Atypical_Nevus_0287.png,1
C:\Users\bharath kumar\OneDrive\Documents\dl louda\src\datasets\synthetic\train\Atypical_Nevus\Atypical_Nevus_0288.png,1
C:\Users\bharath kumar\OneDrive\Documents\dl louda\src\datasets\synthetic\train\Atypical_Nevus\Atypical_Nevus_0289.png,1
C:\Users\bharath kumar\OneDrive\Documents\dl louda\src\datasets\synthetic\train\Atypical_Nevus\Atypical_Nevus_0290.png,1
C:\Users\bharath kumar\OneDrive\Documents\dl louda\src\datasets\synthetic\train\Atypical_Nevus\Atypical_Nevus_0291.png,1
C:\Users\bharath kumar\OneDrive\Documents\dl louda\src\datasets\synthetic\train\Atypical_Nevus\Atypical_Nevus_0292.png,1
C:\Users\bharath kumar\OneDrive\Documents\dl louda\src\datasets\synthetic\train\Atypical_Nevus\Atypical_Nevus_0293.png,1
C:\Users\bharath kumar\OneDrive\Documents\dl louda\src\datasets\synthetic\train\Atypical_Nevus\Atypical_Nevus_0294.png,1
C:\Users\bharath kumar\OneDrive\Documents\dl louda\src\datasets\synthetic\train\Atypical_Nevus\Atypical_Nevus_0295.png,1
C:\Users\bharath kumar\OneDrive\Documents\dl louda\src\datasets\synthetic\train\Atypical_Nevus\Atypical_Nevus_0296.png,1
C:\Users\bharath kumar\OneDrive\Documents\dl louda\src\datasets\synthetic\train\Atypical_Nevus\Atypical_Nevus_0297.png,1
C:\Users\bharath kumar\OneDrive\Documents\dl louda\src\datasets\synthetic\train\Atypical_Nevus\Atypical_Nevus_0298.png,1
C:\Users\bharath kumar\OneDrive\Documents\dl louda\src\datasets\synthetic\train\Atypical_Nevus\Atypical_Nevus_0299.png,1
C:\Users\bharath kumar\OneDrive\Documents\dl louda\src\datasets\synthetic\train\Atypical_Nevus\Atypical_Nevus_0300.png,1
C:\Users\bharath kumar\OneDrive\Documents\dl louda\src\datasets\synthetic\train\Atypical_Nevus\Atypical_Nevus_0301.png,1
C:\Users\bharath kumar\OneDrive\Documents\dl louda\src\datasets\synthetic\train\Atypical_Nevus\Atypical_Nevus_0302.png,1
C:\Users\bharath kumar\OneDrive\Documents\dl louda\src\datasets\synthetic\train\Atypical_Nevus\Atypical_Nevus_0303.png,1
C:\Users\bharath kumar\OneDrive\Documents\dl louda\src\datasets\synthetic\train\Atypical_Nevus\Atypical_Nevus_0304.png,1
C:\Users\bharath kumar\OneDrive\Documents\dl louda\src\datasets\synthetic\train\Atypical_Nevus\Atypical_Nevus_0305.png,1
C:\Users\bharath kumar\OneDrive\Documents\dl louda\src\datasets\synthetic\train\Atypical_Nevus\Atypical_Nevus_0306.png,1
C:\Users\bharath kumar\OneDrive\Documents\dl louda\src\datasets\synthetic\train\Atypical_Nevus\Atypical_Nevus_0307.png,1
C:\Users\bharath kumar\OneDrive\Documents\dl louda\src\datasets\synthetic\train\Atypical_Nevus\Atypical_Nevus_0308.png,1
C:\Users\bharath kumar\OneDrive\Documents\dl louda\src\datasets\synthetic\train\Atypical_Nevus\Atypical_Nevus_0309.png,1
C:\Users\bharath kumar\OneDrive\Documents\dl louda\src\datasets\synthetic\train\Atypical_Nevus\Atypical_Nevus_0310.png,1
C:\Users\bharath kumar\OneDrive\Documents\dl louda\src\datasets\synthetic\train\Atypical_Nevus\Atypical_Nevus_0311.png,1
C:\Users\bharath kumar\OneDrive\Documents\dl louda\src\datasets\synthetic\train\Atypical_Nevus\Atypical_Nevus_0312.png,1
C:\Users\bharath kumar\OneDrive\Documents\dl louda\src\datasets\synthetic\train\Atypical_Nevus\Atypical_Nevus_0313.png,1
C:\Users\bharath kumar\OneDrive\Documents\dl louda\src\datasets\synthetic\train\Atypical_Nevus\Atypical_Nevus_0314.png,1
C:\Users\bharath kumar\OneDrive\Documents\dl louda\src\datasets\synthetic\train\Atypical_Nevus\Atypical_Nevus_0315.png,1
C:\Users\bharath kumar\OneDrive\Documents\dl louda\src\datasets\synthetic\train\Atypical_Nevus\Atypical_Nevus_0316.png,1
C:\Users\bharath kumar\OneDrive\Documents\dl louda\src\datasets\synthetic\train\Atypical_Nevus\Atypical_Nevus_0317.png,1
C:\Users\bharath kumar\OneDrive\Documents\dl louda\src\datasets\synthetic\train\Atypical_Nevus\Atypical_Nevus_0318.png,1
C:\Users\bharath kumar\OneDrive\Documents\dl louda\src\datasets\synthetic\train\Atypical_Nevus\Atypical_Nevus_0319.png,1
C:\Users\bharath kumar\OneDrive\Documents\dl louda\src\datasets\synthetic\train\Atypical_Nevus\Atypical_Nevus_0320.png,1
C:\Users\bharath kumar\OneDrive\Documents\dl louda\src\datasets\synthetic\train\Atypical_Nevus\Atypical_Nevus_0321.png,1
C:\Users\bharath kumar\OneDrive\Documents\dl louda\src\datasets\synthetic\train\Atypical_Nevus\Atypical_Nevus_0322.png,1
C:\Users\bharath kumar\OneDrive\Documents\dl louda\src\datasets\synthetic\train\Atypical_Nevus\Atypical_Nevus_0323.png,1
C:\Users\bharath kumar\OneDrive\Documents\dl louda\src\datasets\synthetic\train\Atypical_Nevus\Atypical_Nevus_0324.png,1
C:\Users\bharath kumar\OneDrive\Documents\dl louda\src\datasets\synthetic\train\Atypical_Nevus\Atypical_Nevus_0325.png,1
C:\Users\bharath kumar\OneDrive\Documents\dl louda\src\datasets\synthetic\train\Atypical_Nevus\Atypical_Nevus_0326.png,1
C:\Users\bharath kumar\OneDrive\Documents\dl louda\src\datasets\synthetic\train\Atypical_Nevus\Atypical_Nevus_0327.png,1
C:\Users\bharath kumar\OneDrive\Documents\dl louda\src\datasets\synthetic\train\Atypical_Nevus\Atypical_Nevus_0328.png,1
C:\Users\bharath kumar\OneDrive\Documents\dl louda\src\datasets\synthetic\train\Atypical_Nevus\Atypical_Nevus_0329.png,1
C:\Users\bharath kumar\OneDrive\Documents\dl louda\src\datasets\synthetic\train\Atypical_Nevus\Atypical_Nevus_0330.png,1
C:\Users\bharath kumar\OneDrive\Documents\dl louda\src\datasets\synthetic\train\Atypical_Nevus\Atypical_Nevus_0331.png,1
C:\Users\bharath kumar\OneDrive\Documents\dl louda\src\datasets\synthetic\train\Atypical_Nevus\Atypical_Nevus_0332.png,1
C:\Users\bharath kumar\OneDrive\Documents\dl louda\src\datasets\synthetic\train\Atypical_Nevus\Atypical_Nevus_0333.png,1
C:\Users\bharath kumar\OneDrive\Documents\dl louda\src\datasets\synthetic\train\Atypical_Nevus\Atypical_Nevus_0334.png,1
C:\Users\bharath kumar\OneDrive\Documents\dl louda\src\datasets\synthetic\train\Atypical_Nevus\Atypical_Nevus_0335.png,1
C:\Users\bharath kumar\OneDrive\Documents\dl louda\src\datasets\synthetic\train\Atypical_Nevus\Atypical_Nevus_0336.png,1
C:\Users\bharath kumar\OneDrive\Documents\dl louda\src\datasets\synthetic\train\Atypical_Nevus\Atypical_Nevus_0337.png,1
C:\Users\bharath kumar\OneDrive\Documents\dl louda\src\datasets\synthetic\train\Atypical_Nevus\Atypical_Nevus_0338.png,1
C:\Users\bharath kumar\OneDrive\Documents\dl louda\src\datasets\synthetic\train\Atypical_Nevus\Atypical_Nevus_0339.png,1
C:\Users\bharath kumar\OneDrive\Documents\dl louda\src\datasets\synthetic\train\Atypical_Nevus\Atypical_Nevus_0340.png,1
C:\Users\bharath kumar\OneDrive\Documents\dl louda\src\datasets\synthetic\train\Atypical_Nevus\Atypical_Nevus_0341.png,1
C:\Users\bharath kumar\OneDrive\Documents\dl louda\src\datasets\synthetic\train\Atypical_Nevus\Atypical_Nevus_0342.png,1
C:\Users\bharath kumar\OneDrive\Documents\dl louda\src\datasets\synthetic\train\Atypical_Nevus\Atypical_Nevus_0343.png,1
C:\Users\bharath kumar\OneDrive\Documents\dl louda\src\datasets\synthetic\train\Atypical_Nevus\Atypical_Nevus_0344.png,1
C:\Users\bharath kumar\OneDrive\Documents\dl louda\src\datasets\synthetic\train\Atypical_Nevus\Atypical_Nevus_0345.png,1
C:\Users\bharath kumar\OneDrive\Documents\dl louda\src\datasets\synthetic\train\Atypical_Nevus\Atypical_Nevus_0346.png,1
C:\Users\bharath kumar\OneDrive\Documents\dl louda\src\datasets\synthetic\train\Atypical_Nevus\Atypical_Nevus_0347.png,1
C:\Users\bharath kumar\OneDrive\Documents\dl louda\src\datasets\synthetic\train\Atypical_Nevus\Atypical_Nevus_0348.png,1
C:\Users\bharath kumar\OneDrive\Documents\dl louda\src\datasets\synthetic\train\Atypical_Nevus\Atypical_Nevus_0349.png,1
C:\Users\bharath kumar\OneDrive\Documents\dl louda\src\datasets\synthetic\train\Atypical_Nevus\Atypical_Nevus_0350.png,1
C:\Users\bharath kumar\OneDrive\Documents\dl louda\src\datasets\synthetic\train\Atypical_Nevus\Atypical_Nevus_0351.png,1
C:\Users\bharath kumar\OneDrive\Documents\dl louda\src\datasets\synthetic\train\Atypical_Nevus\Atypical_Nevus_0352.png,1
C:\Users\bharath kumar\OneDrive\Documents\dl louda\src\datasets\synthetic\train\Atypical_Nevus\Atypical_Nevus_0353.png,1
C:\Users\bharath kumar\OneDrive\Documents\dl louda\src\datasets\synthetic\train\Atypical_Nevus\Atypical_Nevus_0354.png,1
C:\Users\bharath kumar\OneDrive\Documents\dl louda\src\datasets\synthetic\train\Atypical_Nevus\Atypical_Nevus_0355.png,1
C:\Users\bharath kumar\OneDrive\Documents\dl louda\src\datasets\synthetic\train\Atypical_Nevus\Atypical_Nevus_0356.png,1
C:\Users\bharath kumar\OneDrive\Documents\dl louda\src\datasets\synthetic\train\Atypical_Nevus\Atypical_Nevus_0357.png,1
C:\Users\bharath kumar\OneDrive\Documents\dl louda\src\datasets\synthetic\train\Atypical_Nevus\Atypical_Nevus_0358.png,1
C:\Users\bharath kumar\OneDrive\Documents\dl louda\src\datasets\synthetic\train\Atypical_Nevus\Atypical_Nevus_0359.png,1
C:\Users\bharath kumar\OneDrive\Documents\dl louda\src\datasets\synthetic\train\Atypical_Nevus\Atypical_Nevus_0360.png,1
C:\Users\bharath kumar\OneDrive\Documents\dl louda\src\datasets\synthetic\train\Atypical_Nevus\Atypical_Nevus_0361.png,1
C:\Users\bharath kumar\OneDrive\Documents\dl louda\src\datasets\synthetic\train\Atypical_Nevus\Atypical_Nevus_0362.png,1
C:\Users\bharath kumar\OneDrive\Documents\dl louda\src\datasets\synthetic\train\Atypical_Nevus\Atypical_Nevus_0363.png,1
C:\Users\bharath kumar\OneDrive\Documents\dl louda\src\datasets\synthetic\train\Atypical_Nevus\Atypical_Nevus_0364.png,1
C:\Users\bharath kumar\OneDrive\Documents\dl louda\src\datasets\synthetic\train\Atypical_Nevus\Atypical_Nevus_0365.png,1
C:\Users\bharath kumar\OneDrive\Documents\dl louda\src\datasets\synthetic\train\Atypical_Nevus\Atypical_Nevus_0366.png,1
C:\Users\bharath kumar\OneDrive\Documents\dl louda\src\datasets\synthetic\train\Atypical_Nevus\Atypical_Nevus_0367.png,1
C:\Users\bharath kumar\OneDrive\Documents\dl louda\src\datasets\synthetic\train\Atypical_Nevus\Atypical_Nevus_0368.png,1
C:\Users\bharath kumar\OneDrive\Documents\dl louda\src\datasets\synthetic\train\Atypical_Nevus\Atypical_Nevus_0369.png,1
C:\Users\bharath kumar\OneDrive\Documents\dl louda\src\datasets\synthetic\train\Atypical_Nevus\Atypical_Nevus_0370.png,1
C:\Users\bharath kumar\OneDrive\Documents\dl louda\src\datasets\synthetic\train\Atypical_Nevus\Atypical_Nevus_0371.png,1
C:\Users\bharath kumar\OneDrive\Documents\dl louda\src\datasets\synthetic\train\Atypical_Nevus\Atypical_Nevus_0372.png,1
C:\Users\bharath kumar\OneDrive\Documents\dl louda\src\datasets\synthetic\train\Atypical_Nevus\Atypical_Nevus_0373.png,1
C:\Users\bharath kumar\OneDrive\Documents\dl louda\src\datasets\synthetic\train\Atypical_Nevus\Atypical_Nevus_0374.png,1
C:\Users\bharath kumar\OneDrive\Documents\dl louda\src\datasets\synthetic\train\Atypical_Nevus\Atypical_Nevus_0375.png,1
C:\Users\bharath kumar\OneDrive\Documents\dl louda\src\datasets\synthetic\train\Atypical_Nevus\Atypical_Nevus_0376.png,1
C:\Users\bharath kumar\OneDrive\Documents\dl louda\src\datasets\synthetic\train\Atypical_Nevus\Atypical_Nevus_0377.png,1
C:\Users\bharath kumar\OneDrive\Documents\dl louda\src\datasets\synthetic\train\Atypical_Nevus\Atypical_Nevus_0378.png,1
C:\Users\bharath kumar\OneDrive\Documents\dl louda\src\datasets\synthetic\train\Atypical_Nevus\Atypical_Nevus_0379.png,1
C:\Users\bharath kumar\OneDrive\Documents\dl louda\src\datasets\synthetic\train\Atypical_Nevus\Atypical_Nevus_0380.png,1
C:\Users\bharath kumar\OneDrive\Documents\dl louda\src\datasets\synthetic\train\Atypical_Nevus\Atypical_Nevus_0381.png,1
C:\Users\bharath kumar\OneDrive\Documents\dl louda\src\datasets\synthetic\train\Atypical_Nevus\Atypical_Nevus_0382.png,1
C:\Users\bharath kumar\OneDrive\Documents\dl louda\src\datasets\synthetic\train\Atypical_Nevus\Atypical_Nevus_0383.png,1
C:\Users\bharath kumar\OneDrive\Documents\dl louda\src\datasets\synthetic\train\Atypical_Nevus\Atypical_Nevus_0384.png,1
C:\Users\bharath kumar\OneDrive\Documents\dl louda\src\datasets\synthetic\train\Atypical_Nevus\Atypical_Nevus_0385.png,1
C:\Users\bharath kumar\OneDrive\Documents\dl louda\src\datasets\synthetic\train\Atypical_Nevus\Atypical_Nevus_0386.png,1
C:\Users\bharath kumar\OneDrive\Documents\dl louda\src\datasets\synthetic\train\Atypical_Nevus\Atypical_Nevus_0387.png,1
C:\Users\bharath kumar\OneDrive\Documents\dl louda\src\datasets\synthetic\train\Atypical_Nevus\Atypical_Nevus_0388.png,1
C:\Users\bharath kumar\OneDrive\Documents\dl louda\src\datasets\synthetic\train\Atypical_Nevus\Atypical_Nevus_0389.png,1
C:\Users\bharath kumar\OneDrive\Documents\dl louda\src\datasets\synthetic\train\Atypical_Nevus\Atypical_Nevus_0390.png,1
C:\Users\bharath kumar\OneDrive\Documents\dl louda\src\datasets\synthetic\train\Atypical_Nevus\Atypical_Nevus_0391.png,1
C:\Users\bharath kumar\OneDrive\Documents\dl louda\src\datasets\synthetic\train\Atypical_Nevus\Atypical_Nevus_0392.png,1
C:\Users\bharath kumar\OneDrive\Documents\dl louda\src\datasets\synthetic\train\Atypical_Nevus\Atypical_Nevus_0393.png,1
C:\Users\bharath kumar\OneDrive\Documents\dl louda\src\datasets\synthetic\train\Atypical_Nevus\Atypical_Nevus_0394.png,1
C:\Users\bharath kumar\OneDrive\Documents\dl louda\src\datasets\synthetic\train\Atypical_Nevus\Atypical_Nevus_0395.png,1
C:\Users\bharath kumar\OneDrive\Documents\dl louda\src\datasets\synthetic\train\Atypical_Nevus\Atypical_Nevus_0396.png,1
C:\Users\bharath kumar\OneDrive\Documents\dl louda\src\datasets\synthetic\train\Atypical_Nevus\Atypical_Nevus_0397.png,1
C:\Users\bharath kumar\OneDrive\Documents\dl louda\src\datasets\synthetic\train\Atypical_Nevus\Atypical_Nevus_0398.png,1
C:\Users\bharath kumar\OneDrive\Documents\dl louda\src\datasets\synthetic\train\Atypical_Nevus\Atypical_Nevus_0399.png,1
C:\Users\bharath kumar\OneDrive\Documents\dl louda\src\datasets\synthetic\train\Melanoma\Melanoma_0000.png,2
C:\Users\bharath kumar\OneDrive\Documents\dl louda\src\datasets\synthetic\train\Melanoma\Melanoma_0001.png,2
C:\Users\bharath kumar\OneDrive\Documents\dl louda\src\datasets\synthetic\train\Melanoma\Melanoma_0002.png,2
C:\Users\bharath kumar\OneDrive\Documents\dl louda\src\datasets\synthetic\train\Melanoma\Melanoma_0003.png,2
C:\Users\bharath kumar\OneDrive\Documents\dl louda\src\datasets\synthetic\train\Melanoma\Melanoma_0004.png,2
C:\Users\bharath kumar\OneDrive\Documents\dl louda\src\datasets\synthetic\train\Melanoma\Melanoma_0005.png,2
C:\Users\bharath kumar\OneDrive\Documents\dl louda\src\datasets\synthetic\train\Melanoma\Melanoma_0006.png,2
C:\Users\bharath kumar\OneDrive\Documents\dl louda\src\datasets\synthetic\train\Melanoma\Melanoma_0007.png,2
C:\Users\bharath kumar\OneDrive\Documents\dl louda\src\datasets\synthetic\train\Melanoma\Melanoma_0008.png,2
C:\Users\bharath kumar\OneDrive\Documents\dl louda\src\datasets\synthetic\train\Melanoma\Melanoma_0009.png,2
C:\Users\bharath kumar\OneDrive\Documents\dl louda\src\datasets\synthetic\train\Melanoma\Melanoma_0010.png,2
C:\Users\bharath kumar\OneDrive\Documents\dl louda\src\datasets\synthetic\train\Melanoma\Melanoma_0011.png,2
C:\Users\bharath kumar\OneDrive\Documents\dl louda\src\datasets\synthetic\train\Melanoma\Melanoma_0012.png,2
C:\Users\bharath kumar\OneDrive\Documents\dl louda\src\datasets\synthetic\train\Melanoma\Melanoma_0013.png,2
C:\Users\bharath kumar\OneDrive\Documents\dl louda\src\datasets\synthetic\train\Melanoma\Melanoma_0014.png,2
C:\Users\bharath kumar\OneDrive\Documents\dl louda\src\datasets\synthetic\train\Melanoma\Melanoma_0015.png,2
C:\Users\bharath kumar\OneDrive\Documents\dl louda\src\datasets\synthetic\train\Melanoma\Melanoma_0016.png,2
C:\Users\bharath kumar\OneDrive\Documents\dl louda\src\datasets\synthetic\train\Melanoma\Melanoma_0017.png,2
C:\Users\bharath kumar\OneDrive\Documents\dl louda\src\datasets\synthetic\train\Melanoma\Melanoma_0018.png,2
C:\Users\bharath kumar\OneDrive\Documents\dl louda\src\datasets\synthetic\train\Melanoma\Melanoma_0019.png,2
C:\Users\bharath kumar\OneDrive\Documents\dl louda\src\datasets\synthetic\train\Melanoma\Melanoma_0020.png,2
C:\Users\bharath kumar\OneDrive\Documents\dl louda\src\datasets\synthetic\train\Melanoma\Melanoma_0021.png,2
C:\Users\bharath kumar\OneDrive\Documents\dl louda\src\datasets\synthetic\train\Melanoma\Melanoma_0022.png,2
C:\Users\bharath kumar\OneDrive\Documents\dl louda\src\datasets\synthetic\train\Melanoma\Melanoma_0023.png,2
C:\Users\bharath kumar\OneDrive\Documents\dl louda\src\datasets\synthetic\train\Melanoma\Melanoma_0024.png,2
C:\Users\bharath kumar\OneDrive\Documents\dl louda\src\datasets\synthetic\train\Melanoma\Melanoma_0025.png,2
C:\Users\bharath kumar\OneDrive\Documents\dl louda\src\datasets\synthetic\train\Melanoma\Melanoma_0026.png,2
C:\Users\bharath kumar\OneDrive\Documents\dl louda\src\datasets\synthetic\train\Melanoma\Melanoma_0027.png,2
C:\Users\bharath kumar\OneDrive\Documents\dl louda\src\datasets\synthetic\train\Melanoma\Melanoma_0028.png,2
C:\Users\bharath kumar\OneDrive\Documents\dl louda\src\datasets\synthetic\train\Melanoma\Melanoma_0029.png,2
C:\Users\bharath kumar\OneDrive\Documents\dl louda\src\datasets\synthetic\train\Melanoma\Melanoma_0030.png,2
C:\Users\bharath kumar\OneDrive\Documents\dl louda\src\datasets\synthetic\train\Melanoma\Melanoma_0031.png,2
C:\Users\bharath kumar\OneDrive\Documents\dl louda\src\datasets\synthetic\train\Melanoma\Melanoma_0032.png,2
C:\Users\bharath kumar\OneDrive\Documents\dl louda\src\datasets\synthetic\train\Melanoma\Melanoma_0033.png,2
C:\Users\bharath kumar\OneDrive\Documents\dl louda\src\datasets\synthetic\train\Melanoma\Melanoma_0034.png,2
C:\Users\bharath kumar\OneDrive\Documents\dl louda\src\datasets\synthetic\train\Melanoma\Melanoma_0035.png,2
C:\Users\bharath kumar\OneDrive\Documents\dl louda\src\datasets\synthetic\train\Melanoma\Melanoma_0036.png,2
C:\Users\bharath kumar\OneDrive\Documents\dl louda\src\datasets\synthetic\train\Melanoma\Melanoma_0037.png,2
C:\Users\bharath kumar\OneDrive\Documents\dl louda\src\datasets\synthetic\train\Melanoma\Melanoma_0038.png,2
C:\Users\bharath kumar\OneDrive\Documents\dl louda\src\datasets\synthetic\train\Melanoma\Melanoma_0039.png,2
C:\Users\bharath kumar\OneDrive\Documents\dl louda\src\datasets\synthetic\train\Melanoma\Melanoma_0040.png,2
C:\Users\bharath kumar\OneDrive\Documents\dl louda\src\datasets\synthetic\train\Melanoma\Melanoma_0041.png,2
C:\Users\bharath kumar\OneDrive\Documents\dl louda\src\datasets\synthetic\train\Melanoma\Melanoma_0042.png,2
C:\Users\bharath kumar\OneDrive\Documents\dl louda\src\datasets\synthetic\train\Melanoma\Melanoma_0043.png,2
C:\Users\bharath kumar\OneDrive\Documents\dl louda\src\datasets\synthetic\train\Melanoma\Melanoma_0044.png,2
C:\Users\bharath kumar\OneDrive\Documents\dl louda\src\datasets\synthetic\train\Melanoma\Melanoma_0045.png,2
C:\Users\bharath kumar\OneDrive\Documents\dl louda\src\datasets\synthetic\train\Melanoma\Melanoma_0046.png,2
C:\Users\bharath kumar\OneDrive\Documents\dl louda\src\datasets\synthetic\train\Melanoma\Melanoma_0047.png,2
C:\Users\bharath kumar\OneDrive\Documents\dl louda\src\datasets\synthetic\train\Melanoma\Melanoma_0048.png,2
C:\Users\bharath kumar\OneDrive\Documents\dl louda\src\datasets\synthetic\train\Melanoma\Melanoma_0049.png,2
C:\Users\bharath kumar\OneDrive\Documents\dl louda\src\datasets\synthetic\train\Melanoma\Melanoma_0050.png,2
C:\Users\bharath kumar\OneDrive\Documents\dl louda\src\datasets\synthetic\train\Melanoma\Melanoma_0051.png,2
C:\Users\bharath kumar\OneDrive\Documents\dl louda\src\datasets\synthetic\train\Melanoma\Melanoma_0052.png,2
C:\Users\bharath kumar\OneDrive\Documents\dl louda\src\datasets\synthetic\train\Melanoma\Melanoma_0053.png,2
C:\Users\bharath kumar\OneDrive\Documents\dl louda\src\datasets\synthetic\train\Melanoma\Melanoma_0054.png,2
C:\Users\bharath kumar\OneDrive\Documents\dl louda\src\datasets\synthetic\train\Melanoma\Melanoma_0055.png,2
C:\Users\bharath kumar\OneDrive\Documents\dl louda\src\datasets\synthetic\train\Melanoma\Melanoma_0056.png,2
C:\Users\bharath kumar\OneDrive\Documents\dl louda\src\datasets\synthetic\train\Melanoma\Melanoma_0057.png,2
C:\Users\bharath kumar\OneDrive\Documents\dl louda\src\datasets\synthetic\train\Melanoma\Melanoma_0058.png,2
C:\Users\bharath kumar\OneDrive\Documents\dl louda\src\datasets\synthetic\train\Melanoma\Melanoma_0059.png,2
C:\Users\bharath kumar\OneDrive\Documents\dl louda\src\datasets\synthetic\train\Melanoma\Melanoma_0060.png,2
C:\Users\bharath kumar\OneDrive\Documents\dl louda\src\datasets\synthetic\train\Melanoma\Melanoma_0061.png,2
C:\Users\bharath kumar\OneDrive\Documents\dl louda\src\datasets\synthetic\train\Melanoma\Melanoma_0062.png,2
C:\Users\bharath kumar\OneDrive\Documents\dl louda\src\datasets\synthetic\train\Melanoma\Melanoma_0063.png,2
C:\Users\bharath kumar\OneDrive\Documents\dl louda\src\datasets\synthetic\train\Melanoma\Melanoma_0064.png,2
C:\Users\bharath kumar\OneDrive\Documents\dl louda\src\datasets\synthetic\train\Melanoma\Melanoma_0065.png,2
C:\Users\bharath kumar\OneDrive\Documents\dl louda\src\datasets\synthetic\train\Melanoma\Melanoma_0066.png,2
C:\Users\bharath kumar\OneDrive\Documents\dl louda\src\datasets\synthetic\train\Melanoma\Melanoma_0067.png,2
C:\Users\bharath kumar\OneDrive\Documents\dl louda\src\datasets\synthetic\train\Melanoma\Melanoma_0068.png,2
C:\Users\bharath kumar\OneDrive\Documents\dl louda\src\datasets\synthetic\train\Melanoma\Melanoma_0069.png,2
C:\Users\bharath kumar\OneDrive\Documents\dl louda\src\datasets\synthetic\train\Melanoma\Melanoma_0070.png,2
C:\Users\bharath kumar\OneDrive\Documents\dl louda\src\datasets\synthetic\train\Melanoma\Melanoma_0071.png,2
C:\Users\bharath kumar\OneDrive\Documents\dl louda\src\datasets\synthetic\train\Melanoma\Melanoma_0072.png,2
C:\Users\bharath kumar\OneDrive\Documents\dl louda\src\datasets\synthetic\train\Melanoma\Melanoma_0073.png,2
C:\Users\bharath kumar\OneDrive\Documents\dl louda\src\datasets\synthetic\train\Melanoma\Melanoma_0074.png,2
C:\Users\bharath kumar\OneDrive\Documents\dl louda\src\datasets\synthetic\train\Melanoma\Melanoma_0075.png,2
C:\Users\bharath kumar\OneDrive\Documents\dl louda\src\datasets\synthetic\train\Melanoma\Melanoma_0076.png,2
C:\Users\bharath kumar\OneDrive\Documents\dl louda\src\datasets\synthetic\train\Melanoma\Melanoma_0077.png,2
C:\Users\bharath kumar\OneDrive\Documents\dl louda\src\datasets\synthetic\train\Melanoma\Melanoma_0078.png,2
C:\Users\bharath kumar\OneDrive\Documents\dl louda\src\datasets\synthetic\train\Melanoma\Melanoma_0079.png,2
C:\Users\bharath kumar\OneDrive\Documents\dl louda\src\datasets\synthetic\train\Melanoma\Melanoma_0080.png,2
C:\Users\bharath kumar\OneDrive\Documents\dl louda\src\datasets\synthetic\train\Melanoma\Melanoma_0081.png,2
C:\Users\bharath kumar\OneDrive\Documents\dl louda\src\datasets\synthetic\train\Melanoma\Melanoma_0082.png,2
C:\Users\bharath kumar\OneDrive\Documents\dl louda\src\datasets\synthetic\train\Melanoma\Melanoma_0083.png,2
C:\Users\bharath kumar\OneDrive\Documents\dl louda\src\datasets\synthetic\train\Melanoma\Melanoma_0084.png,2
C:\Users\bharath kumar\OneDrive\Documents\dl louda\src\datasets\synthetic\train\Melanoma\Melanoma_0085.png,2
C:\Users\bharath kumar\OneDrive\Documents\dl louda\src\datasets\synthetic\train\Melanoma\Melanoma_0086.png,2
C:\Users\bharath kumar\OneDrive\Documents\dl louda\src\datasets\synthetic\train\Melanoma\Melanoma_0087.png,2
C:\Users\bharath kumar\OneDrive\Documents\dl louda\src\datasets\synthetic\train\Melanoma\Melanoma_0088.png,2
C:\Users\bharath kumar\OneDrive\Documents\dl louda\src\datasets\synthetic\train\Melanoma\Melanoma_0089.png,2
C:\Users\bharath kumar\OneDrive\Documents\dl louda\src\datasets\synthetic\train\Melanoma\Melanoma_0090.png,2
C:\Users\bharath kumar\OneDrive\Documents\dl louda\src\datasets\synthetic\train\Melanoma\Melanoma_0091.png,2
C:\Users\bharath kumar\OneDrive\Documents\dl louda\src\datasets\synthetic\train\Melanoma\Melanoma_0092.png,2
C:\Users\bharath kumar\OneDrive\Documents\dl louda\src\datasets\synthetic\train\Melanoma\Melanoma_0093.png,2
C:\Users\bharath kumar\OneDrive\Documents\dl louda\src\datasets\synthetic\train\Melanoma\Melanoma_0094.png,2
C:\Users\bharath kumar\OneDrive\Documents\dl louda\src\datasets\synthetic\train\Melanoma\Melanoma_0095.png,2
C:\Users\bharath kumar\OneDrive\Documents\dl louda\src\datasets\synthetic\train\Melanoma\Melanoma_0096.png,2
C:\Users\bharath kumar\OneDrive\Documents\dl louda\src\datasets\synthetic\train\Melanoma\Melanoma_0097.png,2
C:\Users\bharath kumar\OneDrive\Documents\dl louda\src\datasets\synthetic\train\Melanoma\Melanoma_0098.png,2
C:\Users\bharath kumar\OneDrive\Documents\dl louda\src\datasets\synthetic\train\Melanoma\Melanoma_0099.png,2
C:\Users\bharath kumar\OneDrive\Documents\dl louda\src\datasets\synthetic\train\Melanoma\Melanoma_0100.png,2
C:\Users\bharath kumar\OneDrive\Documents\dl louda\src\datasets\synthetic\train\Melanoma\Melanoma_0101.png,2
C:\Users\bharath kumar\OneDrive\Documents\dl louda\src\datasets\synthetic\train\Melanoma\Melanoma_0102.png,2
C:\Users\bharath kumar\OneDrive\Documents\dl louda\src\datasets\synthetic\train\Melanoma\Melanoma_0103.png,2
C:\Users\bharath kumar\OneDrive\Documents\dl louda\src\datasets\synthetic\train\Melanoma\Melanoma_0104.png,2
C:\Users\bharath kumar\OneDrive\Documents\dl louda\src\datasets\synthetic\train\Melanoma\Melanoma_0105.png,2
C:\Users\bharath kumar\OneDrive\Documents\dl louda\src\datasets\synthetic\train\Melanoma\Melanoma_0106.png,2
C:\Users\bharath kumar\OneDrive\Documents\dl louda\src\datasets\synthetic\train\Melanoma\Melanoma_0107.png,2
C:\Users\bharath kumar\OneDrive\Documents\dl louda\src\datasets\synthetic\train\Melanoma\Melanoma_0108.png,2
C:\Users\bharath kumar\OneDrive\Documents\dl louda\src\datasets\synthetic\train\Melanoma\Melanoma_0109.png,2
C:\Users\bharath kumar\OneDrive\Documents\dl louda\src\datasets\synthetic\train\Melanoma\Melanoma_0110.png,2
C:\Users\bharath kumar\OneDrive\Documents\dl louda\src\datasets\synthetic\train\Melanoma\Melanoma_0111.png,2
C:\Users\bharath kumar\OneDrive\Documents\dl louda\src\datasets\synthetic\train\Melanoma\Melanoma_0112.png,2
C:\Users\bharath kumar\OneDrive\Documents\dl louda\src\datasets\synthetic\train\Melanoma\Melanoma_0113.png,2
C:\Users\bharath kumar\OneDrive\Documents\dl louda\src\datasets\synthetic\train\Melanoma\Melanoma_0114.png,2
C:\Users\bharath kumar\OneDrive\Documents\dl louda\src\datasets\synthetic\train\Melanoma\Melanoma_0115.png,2
C:\Users\bharath kumar\OneDrive\Documents\dl louda\src\datasets\synthetic\train\Melanoma\Melanoma_0116.png,2
C:\Users\bharath kumar\OneDrive\Documents\dl louda\src\datasets\synthetic\train\Melanoma\Melanoma_0117.png,2
C:\Users\bharath kumar\OneDrive\Documents\dl louda\src\datasets\synthetic\train\Melanoma\Melanoma_0118.png,2
C:\Users\bharath kumar\OneDrive\Documents\dl louda\src\datasets\synthetic\train\Melanoma\Melanoma_0119.png,2
C:\Users\bharath kumar\OneDrive\Documents\dl louda\src\datasets\synthetic\train\Melanoma\Melanoma_0120.png,2
C:\Users\bharath kumar\OneDrive\Documents\dl louda\src\datasets\synthetic\train\Melanoma\Melanoma_0121.png,2
C:\Users\bharath kumar\OneDrive\Documents\dl louda\src\datasets\synthetic\train\Melanoma\Melanoma_0122.png,2
C:\Users\bharath kumar\OneDrive\Documents\dl louda\src\datasets\synthetic\train\Melanoma\Melanoma_0123.png,2
C:\Users\bharath kumar\OneDrive\Documents\dl louda\src\datasets\synthetic\train\Melanoma\Melanoma_0124.png,2
C:\Users\bharath kumar\OneDrive\Documents\dl louda\src\datasets\synthetic\train\Melanoma\Melanoma_0125.png,2
C:\Users\bharath kumar\OneDrive\Documents\dl louda\src\datasets\synthetic\train\Melanoma\Melanoma_0126.png,2
C:\Users\bharath kumar\OneDrive\Documents\dl louda\src\datasets\synthetic\train\Melanoma\Melanoma_0127.png,2
C:\Users\bharath kumar\OneDrive\Documents\dl louda\src\datasets\synthetic\train\Melanoma\Melanoma_0128.png,2
C:\Users\bharath kumar\OneDrive\Documents\dl louda\src\datasets\synthetic\train\Melanoma\Melanoma_0129.png,2
C:\Users\bharath kumar\OneDrive\Documents\dl louda\src\datasets\synthetic\train\Melanoma\Melanoma_0130.png,2
C:\Users\bharath kumar\OneDrive\Documents\dl louda\src\datasets\synthetic\train\Melanoma\Melanoma_0131.png,2
C:\Users\bharath kumar\OneDrive\Documents\dl louda\src\datasets\synthetic\train\Melanoma\Melanoma_0132.png,2
C:\Users\bharath kumar\OneDrive\Documents\dl louda\src\datasets\synthetic\train\Melanoma\Melanoma_0133.png,2
C:\Users\bharath kumar\OneDrive\Documents\dl louda\src\datasets\synthetic\train\Melanoma\Melanoma_0134.png,2
C:\Users\bharath kumar\OneDrive\Documents\dl louda\src\datasets\synthetic\train\Melanoma\Melanoma_0135.png,2
C:\Users\bharath kumar\OneDrive\Documents\dl louda\src\datasets\synthetic\train\Melanoma\Melanoma_0136.png,2
C:\Users\bharath kumar\OneDrive\Documents\dl louda\src\datasets\synthetic\train\Melanoma\Melanoma_0137.png,2
C:\Users\bharath kumar\OneDrive\Documents\dl louda\src\datasets\synthetic\train\Melanoma\Melanoma_0138.png,2
C:\Users\bharath kumar\OneDrive\Documents\dl louda\src\datasets\synthetic\train\Melanoma\Melanoma_0139.png,2
C:\Users\bharath kumar\OneDrive\Documents\dl louda\src\datasets\synthetic\train\Melanoma\Melanoma_0140.png,2
C:\Users\bharath kumar\OneDrive\Documents\dl louda\src\datasets\synthetic\train\Melanoma\Melanoma_0141.png,2
C:\Users\bharath kumar\OneDrive\Documents\dl louda\src\datasets\synthetic\train\Melanoma\Melanoma_0142.png,2
C:\Users\bharath kumar\OneDrive\Documents\dl louda\src\datasets\synthetic\train\Melanoma\Melanoma_0143.png,2
C:\Users\bharath kumar\OneDrive\Documents\dl louda\src\datasets\synthetic\train\Melanoma\Melanoma_0144.png,2
C:\Users\bharath kumar\OneDrive\Documents\dl louda\src\datasets\synthetic\train\Melanoma\Melanoma_0145.png,2
C:\Users\bharath kumar\OneDrive\Documents\dl louda\src\datasets\synthetic\train\Melanoma\Melanoma_0146.png,2
C:\Users\bharath kumar\OneDrive\Documents\dl louda\src\datasets\synthetic\train\Melanoma\Melanoma_0147.png,2
C:\Users\bharath kumar\OneDrive\Documents\dl louda\src\datasets\synthetic\train\Melanoma\Melanoma_0148.png,2
C:\Users\bharath kumar\OneDrive\Documents\dl louda\src\datasets\synthetic\train\Melanoma\Melanoma_0149.png,2
C:\Users\bharath kumar\OneDrive\Documents\dl louda\src\datasets\synthetic\train\Melanoma\Melanoma_0150.png,2
C:\Users\bharath kumar\OneDrive\Documents\dl louda\src\datasets\synthetic\train\Melanoma\Melanoma_0151.png,2
C:\Users\bharath kumar\OneDrive\Documents\dl louda\src\datasets\synthetic\train\Melanoma\Melanoma_0152.png,2
C:\Users\bharath kumar\OneDrive\Documents\dl louda\src\datasets\synthetic\train\Melanoma\Melanoma_0153.png,2
C:\Users\bharath kumar\OneDrive\Documents\dl louda\src\datasets\synthetic\train\Melanoma\Melanoma_0154.png,2
C:\Users\bharath kumar\OneDrive\Documents\dl louda\src\datasets\synthetic\train\Melanoma\Melanoma_0155.png,2
C:\Users\bharath kumar\OneDrive\Documents\dl louda\src\datasets\synthetic\train\Melanoma\Melanoma_0156.png,2
C:\Users\bharath kumar\OneDrive\Documents\dl louda\src\datasets\synthetic\train\Melanoma\Melanoma_0157.png,2
C:\Users\bharath kumar\OneDrive\Documents\dl louda\src\datasets\synthetic\train\Melanoma\Melanoma_0158.png,2
C:\Users\bharath kumar\OneDrive\Documents\dl louda\src\datasets\synthetic\train\Melanoma\Melanoma_0159.png,2
C:\Users\bharath kumar\OneDrive\Documents\dl louda\src\datasets\synthetic\train\Melanoma\Melanoma_0160.png,2
C:\Users\bharath kumar\OneDrive\Documents\dl louda\src\datasets\synthetic\train\Melanoma\Melanoma_0161.png,2
C:\Users\bharath kumar\OneDrive\Documents\dl louda\src\datasets\synthetic\train\Melanoma\Melanoma_0162.png,2
C:\Users\bharath kumar\OneDrive\Documents\dl louda\src\datasets\synthetic\train\Melanoma\Melanoma_0163.png,2
C:\Users\bharath kumar\OneDrive\Documents\dl louda\src\datasets\synthetic\train\Melanoma\Melanoma_0164.png,2
C:\Users\bharath kumar\OneDrive\Documents\dl louda\src\datasets\synthetic\train\Melanoma\Melanoma_0165.png,2
C:\Users\bharath kumar\OneDrive\Documents\dl louda\src\datasets\synthetic\train\Melanoma\Melanoma_0166.png,2
C:\Users\bharath kumar\OneDrive\Documents\dl louda\src\datasets\synthetic\train\Melanoma\Melanoma_0167.png,2
C:\Users\bharath kumar\OneDrive\Documents\dl louda\src\datasets\synthetic\train\Melanoma\Melanoma_0168.png,2
C:\Users\bharath kumar\OneDrive\Documents\dl louda\src\datasets\synthetic\train\Melanoma\Melanoma_0169.png,2
C:\Users\bharath kumar\OneDrive\Documents\dl louda\src\datasets\synthetic\train\Melanoma\Melanoma_0170.png,2
C:\Users\bharath kumar\OneDrive\Documents\dl louda\src\datasets\synthetic\train\Melanoma\Melanoma_0171.png,2
C:\Users\bharath kumar\OneDrive\Documents\dl louda\src\datasets\synthetic\train\Melanoma\Melanoma_0172.png,2
C:\Users\bharath kumar\OneDrive\Documents\dl louda\src\datasets\synthetic\train\Melanoma\Melanoma_0173.png,2
C:\Users\bharath kumar\OneDrive\Documents\dl louda\src\datasets\synthetic\train\Melanoma\Melanoma_0174.png,2
C:\Users\bharath kumar\OneDrive\Documents\dl louda\src\datasets\synthetic\train\Melanoma\Melanoma_0175.png,2
C:\Users\bharath kumar\OneDrive\Documents\dl louda\src\datasets\synthetic\train\Melanoma\Melanoma_0176.png,2
C:\Users\bharath kumar\OneDrive\Documents\dl louda\src\datasets\synthetic\train\Melanoma\Melanoma_0177.png,2
C:\Users\bharath kumar\OneDrive\Documents\dl louda\src\datasets\synthetic\train\Melanoma\Melanoma_0178.png,2
C:\Users\bharath kumar\OneDrive\Documents\dl louda\src\datasets\synthetic\train\Melanoma\Melanoma_0179.png,2
C:\Users\bharath kumar\OneDrive\Documents\dl louda\src\datasets\synthetic\train\Melanoma\Melanoma_0180.png,2
C:\Users\bharath kumar\OneDrive\Documents\dl louda\src\datasets\synthetic\train\Melanoma\Melanoma_0181.png,2
C:\Users\bharath kumar\OneDrive\Documents\dl louda\src\datasets\synthetic\train\Melanoma\Melanoma_0182.png,2
C:\Users\bharath kumar\OneDrive\Documents\dl louda\src\datasets\synthetic\train\Melanoma\Melanoma_0183.png,2
C:\Users\bharath kumar\OneDrive\Documents\dl louda\src\datasets\synthetic\train\Melanoma\Melanoma_0184.png,2
C:\Users\bharath kumar\OneDrive\Documents\dl louda\src\datasets\synthetic\train\Melanoma\Melanoma_0185.png,2
C:\Users\bharath kumar\OneDrive\Documents\dl louda\src\datasets\synthetic\train\Melanoma\Melanoma_0186.png,2
C:\Users\bharath kumar\OneDrive\Documents\dl louda\src\datasets\synthetic\train\Melanoma\Melanoma_0187.png,2
C:\Users\bharath kumar\OneDrive\Documents\dl louda\src\datasets\synthetic\train\Melanoma\Melanoma_0188.png,2
C:\Users\bharath kumar\OneDrive\Documents\dl louda\src\datasets\synthetic\train\Melanoma\Melanoma_0189.png,2
C:\Users\bharath kumar\OneDrive\Documents\dl louda\src\datasets\synthetic\train\Melanoma\Melanoma_0190.png,2
C:\Users\bharath kumar\OneDrive\Documents\dl louda\src\datasets\synthetic\train\Melanoma\Melanoma_0191.png,2
C:\Users\bharath kumar\OneDrive\Documents\dl louda\src\datasets\synthetic\train\Melanoma\Melanoma_0192.png,2
C:\Users\bharath kumar\OneDrive\Documents\dl louda\src\datasets\synthetic\train\Melanoma\Melanoma_0193.png,2
C:\Users\bharath kumar\OneDrive\Documents\dl louda\src\datasets\synthetic\train\Melanoma\Melanoma_0194.png,2
C:\Users\bharath kumar\OneDrive\Documents\dl louda\src\datasets\synthetic\train\Melanoma\Melanoma_0195.png,2
C:\Users\bharath kumar\OneDrive\Documents\dl louda\src\datasets\synthetic\train\Melanoma\Melanoma_0196.png,2
C:\Users\bharath kumar\OneDrive\Documents\dl louda\src\datasets\synthetic\train\Melanoma\Melanoma_0197.png,2
C:\Users\bharath kumar\OneDrive\Documents\dl louda\src\datasets\synthetic\train\Melanoma\Melanoma_0198.png,2
C:\Users\bharath kumar\OneDrive\Documents\dl louda\src\datasets\synthetic\train\Melanoma\Melanoma_0199.png,2
C:\Users\bharath kumar\OneDrive\Documents\dl louda\src\datasets\synthetic\train\Melanoma\Melanoma_0200.png,2
C:\Users\bharath kumar\OneDrive\Documents\dl louda\src\datasets\synthetic\train\Melanoma\Melanoma_0201.png,2
C:\Users\bharath kumar\OneDrive\Documents\dl louda\src\datasets\synthetic\train\Melanoma\Melanoma_0202.png,2
C:\Users\bharath kumar\OneDrive\Documents\dl louda\src\datasets\synthetic\train\Melanoma\Melanoma_0203.png,2
C:\Users\bharath kumar\OneDrive\Documents\dl louda\src\datasets\synthetic\train\Melanoma\Melanoma_0204.png,2
C:\Users\bharath kumar\OneDrive\Documents\dl louda\src\datasets\synthetic\train\Melanoma\Melanoma_0205.png,2
C:\Users\bharath kumar\OneDrive\Documents\dl louda\src\datasets\synthetic\train\Melanoma\Melanoma_0206.png,2
C:\Users\bharath kumar\OneDrive\Documents\dl louda\src\datasets\synthetic\train\Melanoma\Melanoma_0207.png,2
C:\Users\bharath kumar\OneDrive\Documents\dl louda\src\datasets\synthetic\train\Melanoma\Melanoma_0208.png,2
C:\Users\bharath kumar\OneDrive\Documents\dl louda\src\datasets\synthetic\train\Melanoma\Melanoma_0209.png,2
C:\Users\bharath kumar\OneDrive\Documents\dl louda\src\datasets\synthetic\train\Melanoma\Melanoma_0210.png,2
C:\Users\bharath kumar\OneDrive\Documents\dl louda\src\datasets\synthetic\train\Melanoma\Melanoma_0211.png,2
C:\Users\bharath kumar\OneDrive\Documents\dl louda\src\datasets\synthetic\train\Melanoma\Melanoma_0212.png,2
C:\Users\bharath kumar\OneDrive\Documents\dl louda\src\datasets\synthetic\train\Melanoma\Melanoma_0213.png,2
C:\Users\bharath kumar\OneDrive\Documents\dl louda\src\datasets\synthetic\train\Melanoma\Melanoma_0214.png,2
C:\Users\bharath kumar\OneDrive\Documents\dl louda\src\datasets\synthetic\train\Melanoma\Melanoma_0215.png,2
C:\Users\bharath kumar\OneDrive\Documents\dl louda\src\datasets\synthetic\train\Melanoma\Melanoma_0216.png,2
C:\Users\bharath kumar\OneDrive\Documents\dl louda\src\datasets\synthetic\train\Melanoma\Melanoma_0217.png,2
C:\Users\bharath kumar\OneDrive\Documents\dl louda\src\datasets\synthetic\train\Melanoma\Melanoma_0218.png,2
C:\Users\bharath kumar\OneDrive\Documents\dl louda\src\datasets\synthetic\train\Melanoma\Melanoma_0219.png,2
C:\Users\bharath kumar\OneDrive\Documents\dl louda\src\datasets\synthetic\train\Melanoma\Melanoma_0220.png,2
C:\Users\bharath kumar\OneDrive\Documents\dl louda\src\datasets\synthetic\train\Melanoma\Melanoma_0221.png,2
C:\Users\bharath kumar\OneDrive\Documents\dl louda\src\datasets\synthetic\train\Melanoma\Melanoma_0222.png,2
C:\Users\bharath kumar\OneDrive\Documents\dl louda\src\datasets\synthetic\train\Melanoma\Melanoma_0223.png,2
C:\Users\bharath kumar\OneDrive\Documents\dl louda\src\datasets\synthetic\train\Melanoma\Melanoma_0224.png,2
C:\Users\bharath kumar\OneDrive\Documents\dl louda\src\datasets\synthetic\train\Melanoma\Melanoma_0225.png,2
C:\Users\bharath kumar\OneDrive\Documents\dl louda\src\datasets\synthetic\train\Melanoma\Melanoma_0226.png,2
C:\Users\bharath kumar\OneDrive\Documents\dl louda\src\datasets\synthetic\train\Melanoma\Melanoma_0227.png,2
C:\Users\bharath kumar\OneDrive\Documents\dl louda\src\datasets\synthetic\train\Melanoma\Melanoma_0228.png,2
C:\Users\bharath kumar\OneDrive\Documents\dl louda\src\datasets\synthetic\train\Melanoma\Melanoma_0229.png,2
C:\Users\bharath kumar\OneDrive\Documents\dl louda\src\datasets\synthetic\train\Melanoma\Melanoma_0230.png,2
C:\Users\bharath kumar\OneDrive\Documents\dl louda\src\datasets\synthetic\train\Melanoma\Melanoma_0231.png,2
C:\Users\bharath kumar\OneDrive\Documents\dl louda\src\datasets\synthetic\train\Melanoma\Melanoma_0232.png,2
C:\Users\bharath kumar\OneDrive\Documents\dl louda\src\datasets\synthetic\train\Melanoma\Melanoma_0233.png,2
C:\Users\bharath kumar\OneDrive\Documents\dl louda\src\datasets\synthetic\train\Melanoma\Melanoma_0234.png,2
C:\Users\bharath kumar\OneDrive\Documents\dl louda\src\datasets\synthetic\train\Melanoma\Melanoma_0235.png,2
C:\Users\bharath kumar\OneDrive\Documents\dl louda\src\datasets\synthetic\train\Melanoma\Melanoma_0236.png,2
C:\Users\bharath kumar\OneDrive\Documents\dl louda\src\datasets\synthetic\train\Melanoma\Melanoma_0237.png,2
C:\Users\bharath kumar\OneDrive\Documents\dl louda\src\datasets\synthetic\train\Melanoma\Melanoma_0238.png,2
C:\Users\bharath kumar\OneDrive\Documents\dl louda\src\datasets\synthetic\train\Melanoma\Melanoma_0239.png,2
C:\Users\bharath kumar\OneDrive\Documents\dl louda\src\datasets\synthetic\train\Melanoma\Melanoma_0240.png,2
C:\Users\bharath kumar\OneDrive\Documents\dl louda\src\datasets\synthetic\train\Melanoma\Melanoma_0241.png,2
C:\Users\bharath kumar\OneDrive\Documents\dl louda\src\datasets\synthetic\train\Melanoma\Melanoma_0242.png,2
C:\Users\bharath kumar\OneDrive\Documents\dl louda\src\datasets\synthetic\train\Melanoma\Melanoma_0243.png,2
C:\Users\bharath kumar\OneDrive\Documents\dl louda\src\datasets\synthetic\train\Melanoma\Melanoma_0244.png,2
C:\Users\bharath kumar\OneDrive\Documents\dl louda\src\datasets\synthetic\train\Melanoma\Melanoma_0245.png,2
C:\Users\bharath kumar\OneDrive\Documents\dl louda\src\datasets\synthetic\train\Melanoma\Melanoma_0246.png,2
C:\Users\bharath kumar\OneDrive\Documents\dl louda\src\datasets\synthetic\train\Melanoma\Melanoma_0247.png,2
C:\Users\bharath kumar\OneDrive\Documents\dl louda\src\datasets\synthetic\train\Melanoma\Melanoma_0248.png,2
C:\Users\bharath kumar\OneDrive\Documents\dl louda\src\datasets\synthetic\train\Melanoma\Melanoma_0249.png,2
C:\Users\bharath kumar\OneDrive\Documents\dl louda\src\datasets\synthetic\train\Melanoma\Melanoma_0250.png,2
C:\Users\bharath kumar\OneDrive\Documents\dl louda\src\datasets\synthetic\train\Melanoma\Melanoma_0251.png,2
C:\Users\bharath kumar\OneDrive\Documents\dl louda\src\datasets\synthetic\train\Melanoma\Melanoma_0252.png,2
C:\Users\bharath kumar\OneDrive\Documents\dl louda\src\datasets\synthetic\train\Melanoma\Melanoma_0253.png,2
C:\Users\bharath kumar\OneDrive\Documents\dl louda\src\datasets\synthetic\train\Melanoma\Melanoma_0254.png,2
C:\Users\bharath kumar\OneDrive\Documents\dl louda\src\datasets\synthetic\train\Melanoma\Melanoma_0255.png,2
C:\Users\bharath kumar\OneDrive\Documents\dl louda\src\datasets\synthetic\train\Melanoma\Melanoma_0256.png,2
C:\Users\bharath kumar\OneDrive\Documents\dl louda\src\datasets\synthetic\train\Melanoma\Melanoma_0257.png,2
C:\Users\bharath kumar\OneDrive\Documents\dl louda\src\datasets\synthetic\train\Melanoma\Melanoma_0258.png,2
C:\Users\bharath kumar\OneDrive\Documents\dl louda\src\datasets\synthetic\train\Melanoma\Melanoma_0259.png,2
C:\Users\bharath kumar\OneDrive\Documents\dl louda\src\datasets\synthetic\train\Melanoma\Melanoma_0260.png,2
C:\Users\bharath kumar\OneDrive\Documents\dl louda\src\datasets\synthetic\train\Melanoma\Melanoma_0261.png,2
C:\Users\bharath kumar\OneDrive\Documents\dl louda\src\datasets\synthetic\train\Melanoma\Melanoma_0262.png,2
C:\Users\bharath kumar\OneDrive\Documents\dl louda\src\datasets\synthetic\train\Melanoma\Melanoma_0263.png,2
C:\Users\bharath kumar\OneDrive\Documents\dl louda\src\datasets\synthetic\train\Melanoma\Melanoma_0264.png,2
C:\Users\bharath kumar\OneDrive\Documents\dl louda\src\datasets\synthetic\train\Melanoma\Melanoma_0265.png,2
C:\Users\bharath kumar\OneDrive\Documents\dl louda\src\datasets\synthetic\train\Melanoma\Melanoma_0266.png,2
C:\Users\bharath kumar\OneDrive\Documents\dl louda\src\datasets\synthetic\train\Melanoma\Melanoma_0267.png,2
C:\Users\bharath kumar\OneDrive\Documents\dl louda\src\datasets\synthetic\train\Melanoma\Melanoma_0268.png,2
C:\Users\bharath kumar\OneDrive\Documents\dl louda\src\datasets\synthetic\train\Melanoma\Melanoma_0269.png,2
C:\Users\bharath kumar\OneDrive\Documents\dl louda\src\datasets\synthetic\train\Melanoma\Melanoma_0270.png,2
C:\Users\bharath kumar\OneDrive\Documents\dl louda\src\datasets\synthetic\train\Melanoma\Melanoma_0271.png,2
C:\Users\bharath kumar\OneDrive\Documents\dl louda\src\datasets\synthetic\train\Melanoma\Melanoma_0272.png,2
C:\Users\bharath kumar\OneDrive\Documents\dl louda\src\datasets\synthetic\train\Melanoma\Melanoma_0273.png,2
C:\Users\bharath kumar\OneDrive\Documents\dl louda\src\datasets\synthetic\train\Melanoma\Melanoma_0274.png,2
C:\Users\bharath kumar\OneDrive\Documents\dl louda\src\datasets\synthetic\train\Melanoma\Melanoma_0275.png,2
C:\Users\bharath kumar\OneDrive\Documents\dl louda\src\datasets\synthetic\train\Melanoma\Melanoma_0276.png,2
C:\Users\bharath kumar\OneDrive\Documents\dl louda\src\datasets\synthetic\train\Melanoma\Melanoma_0277.png,2
C:\Users\bharath kumar\OneDrive\Documents\dl louda\src\datasets\synthetic\train\Melanoma\Melanoma_0278.png,2
C:\Users\bharath kumar\OneDrive\Documents\dl louda\src\datasets\synthetic\train\Melanoma\Melanoma_0279.png,2
C:\Users\bharath kumar\OneDrive\Documents\dl louda\src\datasets\synthetic\train\Melanoma\Melanoma_0280.png,2
C:\Users\bharath kumar\OneDrive\Documents\dl louda\src\datasets\synthetic\train\Melanoma\Melanoma_0281.png,2
C:\Users\bharath kumar\OneDrive\Documents\dl louda\src\datasets\synthetic\train\Melanoma\Melanoma_0282.png,2
C:\Users\bharath kumar\OneDrive\Documents\dl louda\src\datasets\synthetic\train\Melanoma\Melanoma_0283.png,2
C:\Users\bharath kumar\OneDrive\Documents\dl louda\src\datasets\synthetic\train\Melanoma\Melanoma_0284.png,2
C:\Users\bharath kumar\OneDrive\Documents\dl louda\src\datasets\synthetic\train\Melanoma\Melanoma_0285.png,2
C:\Users\bharath kumar\OneDrive\Documents\dl louda\src\datasets\synthetic\train\Melanoma\Melanoma_0286.png,2
C:\Users\bharath kumar\OneDrive\Documents\dl louda\src\datasets\synthetic\train\Melanoma\Melanoma_0287.png,2
C:\Users\bharath kumar\OneDrive\Documents\dl louda\src\datasets\synthetic\train\Melanoma\Melanoma_0288.png,2
C:\Users\bharath kumar\OneDrive\Documents\dl louda\src\datasets\synthetic\train\Melanoma\Melanoma_0289.png,2
C:\Users\bharath kumar\OneDrive\Documents\dl louda\src\datasets\synthetic\train\Melanoma\Melanoma_0290.png,2
C:\Users\bharath kumar\OneDrive\Documents\dl louda\src\datasets\synthetic\train\Melanoma\Melanoma_0291.png,2
C:\Users\bharath kumar\OneDrive\Documents\dl louda\src\datasets\synthetic\train\Melanoma\Melanoma_0292.png,2
C:\Users\bharath kumar\OneDrive\Documents\dl louda\src\datasets\synthetic\train\Melanoma\Melanoma_0293.png,2
C:\Users\bharath kumar\OneDrive\Documents\dl louda\src\datasets\synthetic\train\Melanoma\Melanoma_0294.png,2
C:\Users\bharath kumar\OneDrive\Documents\dl louda\src\datasets\synthetic\train\Melanoma\Melanoma_0295.png,2
C:\Users\bharath kumar\OneDrive\Documents\dl louda\src\datasets\synthetic\train\Melanoma\Melanoma_0296.png,2
C:\Users\bharath kumar\OneDrive\Documents\dl louda\src\datasets\synthetic\train\Melanoma\Melanoma_0297.png,2
C:\Users\bharath kumar\OneDrive\Documents\dl louda\src\datasets\synthetic\train\Melanoma\Melanoma_0298.png,2
C:\Users\bharath kumar\OneDrive\Documents\dl louda\src\datasets\synthetic\train\Melanoma\Melanoma_0299.png,2
C:\Users\bharath kumar\OneDrive\Documents\dl louda\src\datasets\synthetic\train\Melanoma\Melanoma_0300.png,2
C:\Users\bharath kumar\OneDrive\Documents\dl louda\src\datasets\synthetic\train\Melanoma\Melanoma_0301.png,2
C:\Users\bharath kumar\OneDrive\Documents\dl louda\src\datasets\synthetic\train\Melanoma\Melanoma_0302.png,2
C:\Users\bharath kumar\OneDrive\Documents\dl louda\src\datasets\synthetic\train\Melanoma\Melanoma_0303.png,2
C:\Users\bharath kumar\OneDrive\Documents\dl louda\src\datasets\synthetic\train\Melanoma\Melanoma_0304.png,2
C:\Users\bharath kumar\OneDrive\Documents\dl louda\src\datasets\synthetic\train\Melanoma\Melanoma_0305.png,2
C:\Users\bharath kumar\OneDrive\Documents\dl louda\src\datasets\synthetic\train\Melanoma\Melanoma_0306.png,2
C:\Users\bharath kumar\OneDrive\Documents\dl louda\src\datasets\synthetic\train\Melanoma\Melanoma_0307.png,2
C:\Users\bharath kumar\OneDrive\Documents\dl louda\src\datasets\synthetic\train\Melanoma\Melanoma_0308.png,2
C:\Users\bharath kumar\OneDrive\Documents\dl louda\src\datasets\synthetic\train\Melanoma\Melanoma_0309.png,2
C:\Users\bharath kumar\OneDrive\Documents\dl louda\src\datasets\synthetic\train\Melanoma\Melanoma_0310.png,2
C:\Users\bharath kumar\OneDrive\Documents\dl louda\src\datasets\synthetic\train\Melanoma\Melanoma_0311.png,2
C:\Users\bharath kumar\OneDrive\Documents\dl louda\src\datasets\synthetic\train\Melanoma\Melanoma_0312.png,2
C:\Users\bharath kumar\OneDrive\Documents\dl louda\src\datasets\synthetic\train\Melanoma\Melanoma_0313.png,2
C:\Users\bharath kumar\OneDrive\Documents\dl louda\src\datasets\synthetic\train\Melanoma\Melanoma_0314.png,2
C:\Users\bharath kumar\OneDrive\Documents\dl louda\src\datasets\synthetic\train\Melanoma\Melanoma_0315.png,2
C:\Users\bharath kumar\OneDrive\Documents\dl louda\src\datasets\synthetic\train\Melanoma\Melanoma_0316.png,2
C:\Users\bharath kumar\OneDrive\Documents\dl louda\src\datasets\synthetic\train\Melanoma\Melanoma_0317.png,2
C:\Users\bharath kumar\OneDrive\Documents\dl louda\src\datasets\synthetic\train\Melanoma\Melanoma_0318.png,2
C:\Users\bharath kumar\OneDrive\Documents\dl louda\src\datasets\synthetic\train\Melanoma\Melanoma_0319.png,2
C:\Users\bharath kumar\OneDrive\Documents\dl louda\src\datasets\synthetic\train\Melanoma\Melanoma_0320.png,2
C:\Users\bharath kumar\OneDrive\Documents\dl louda\src\datasets\synthetic\train\Melanoma\Melanoma_0321.png,2
C:\Users\bharath kumar\OneDrive\Documents\dl louda\src\datasets\synthetic\train\Melanoma\Melanoma_0322.png,2
C:\Users\bharath kumar\OneDrive\Documents\dl louda\src\datasets\synthetic\train\Melanoma\Melanoma_0323.png,2
C:\Users\bharath kumar\OneDrive\Documents\dl louda\src\datasets\synthetic\train\Melanoma\Melanoma_0324.png,2
C:\Users\bharath kumar\OneDrive\Documents\dl louda\src\datasets\synthetic\train\Melanoma\Melanoma_0325.png,2
C:\Users\bharath kumar\OneDrive\Documents\dl louda\src\datasets\synthetic\train\Melanoma\Melanoma_0326.png,2
C:\Users\bharath kumar\OneDrive\Documents\dl louda\src\datasets\synthetic\train\Melanoma\Melanoma_0327.png,2
C:\Users\bharath kumar\OneDrive\Documents\dl louda\src\datasets\synthetic\train\Melanoma\Melanoma_0328.png,2
C:\Users\bharath kumar\OneDrive\Documents\dl louda\src\datasets\synthetic\train\Melanoma\Melanoma_0329.png,2
C:\Users\bharath kumar\OneDrive\Documents\dl louda\src\datasets\synthetic\train\Melanoma\Melanoma_0330.png,2
C:\Users\bharath kumar\OneDrive\Documents\dl louda\src\datasets\synthetic\train\Melanoma\Melanoma_0331.png,2
C:\Users\bharath kumar\OneDrive\Documents\dl louda\src\datasets\synthetic\train\Melanoma\Melanoma_0332.png,2
C:\Users\bharath kumar\OneDrive\Documents\dl louda\src\datasets\synthetic\train\Melanoma\Melanoma_0333.png,2
C:\Users\bharath kumar\OneDrive\Documents\dl louda\src\datasets\synthetic\train\Melanoma\Melanoma_0334.png,2
C:\Users\bharath kumar\OneDrive\Documents\dl louda\src\datasets\synthetic\train\Melanoma\Melanoma_0335.png,2
C:\Users\bharath kumar\OneDrive\Documents\dl louda\src\datasets\synthetic\train\Melanoma\Melanoma_0336.png,2
C:\Users\bharath kumar\OneDrive\Documents\dl louda\src\datasets\synthetic\train\Melanoma\Melanoma_0337.png,2
C:\Users\bharath kumar\OneDrive\Documents\dl louda\src\datasets\synthetic\train\Melanoma\Melanoma_0338.png,2
C:\Users\bharath kumar\OneDrive\Documents\dl louda\src\datasets\synthetic\train\Melanoma\Melanoma_0339.png,2
C:\Users\bharath kumar\OneDrive\Documents\dl louda\src\datasets\synthetic\train\Melanoma\Melanoma_0340.png,2
C:\Users\bharath kumar\OneDrive\Documents\dl louda\src\datasets\synthetic\train\Melanoma\Melanoma_0341.png,2
C:\Users\bharath kumar\OneDrive\Documents\dl louda\src\datasets\synthetic\train\Melanoma\Melanoma_0342.png,2
C:\Users\bharath kumar\OneDrive\Documents\dl louda\src\datasets\synthetic\train\Melanoma\Melanoma_0343.png,2
C:\Users\bharath kumar\OneDrive\Documents\dl louda\src\datasets\synthetic\train\Melanoma\Melanoma_0344.png,2
C:\Users\bharath kumar\OneDrive\Documents\dl louda\src\datasets\synthetic\train\Melanoma\Melanoma_0345.png,2
C:\Users\bharath kumar\OneDrive\Documents\dl louda\src\datasets\synthetic\train\Melanoma\Melanoma_0346.png,2
C:\Users\bharath kumar\OneDrive\Documents\dl louda\src\datasets\synthetic\train\Melanoma\Melanoma_0347.png,2
C:\Users\bharath kumar\OneDrive\Documents\dl louda\src\datasets\synthetic\train\Melanoma\Melanoma_0348.png,2
C:\Users\bharath kumar\OneDrive\Documents\dl louda\src\datasets\synthetic\train\Melanoma\Melanoma_0349.png,2
C:\Users\bharath kumar\OneDrive\Documents\dl louda\src\datasets\synthetic\train\Melanoma\Melanoma_0350.png,2
C:\Users\bharath kumar\OneDrive\Documents\dl louda\src\datasets\synthetic\train\Melanoma\Melanoma_0351.png,2
C:\Users\bharath kumar\OneDrive\Documents\dl louda\src\datasets\synthetic\train\Melanoma\Melanoma_0352.png,2
C:\Users\bharath kumar\OneDrive\Documents\dl louda\src\datasets\synthetic\train\Melanoma\Melanoma_0353.png,2
C:\Users\bharath kumar\OneDrive\Documents\dl louda\src\datasets\synthetic\train\Melanoma\Melanoma_0354.png,2
C:\Users\bharath kumar\OneDrive\Documents\dl louda\src\datasets\synthetic\train\Melanoma\Melanoma_0355.png,2
C:\Users\bharath kumar\OneDrive\Documents\dl louda\src\datasets\synthetic\train\Melanoma\Melanoma_0356.png,2
C:\Users\bharath kumar\OneDrive\Documents\dl louda\src\datasets\synthetic\train\Melanoma\Melanoma_0357.png,2
C:\Users\bharath kumar\OneDrive\Documents\dl louda\src\datasets\synthetic\train\Melanoma\Melanoma_0358.png,2
C:\Users\bharath kumar\OneDrive\Documents\dl louda\src\datasets\synthetic\train\Melanoma\Melanoma_0359.png,2
C:\Users\bharath kumar\OneDrive\Documents\dl louda\src\datasets\synthetic\train\Melanoma\Melanoma_0360.png,2
C:\Users\bharath kumar\OneDrive\Documents\dl louda\src\datasets\synthetic\train\Melanoma\Melanoma_0361.png,2
C:\Users\bharath kumar\OneDrive\Documents\dl louda\src\datasets\synthetic\train\Melanoma\Melanoma_0362.png,2
C:\Users\bharath kumar\OneDrive\Documents\dl louda\src\datasets\synthetic\train\Melanoma\Melanoma_0363.png,2
C:\Users\bharath kumar\OneDrive\Documents\dl louda\src\datasets\synthetic\train\Melanoma\Melanoma_0364.png,2
C:\Users\bharath kumar\OneDrive\Documents\dl louda\src\datasets\synthetic\train\Melanoma\Melanoma_0365.png,2
C:\Users\bharath kumar\OneDrive\Documents\dl louda\src\datasets\synthetic\train\Melanoma\Melanoma_0366.png,2
C:\Users\bharath kumar\OneDrive\Documents\dl louda\src\datasets\synthetic\train\Melanoma\Melanoma_0367.png,2
C:\Users\bharath kumar\OneDrive\Documents\dl louda\src\datasets\synthetic\train\Melanoma\Melanoma_0368.png,2
C:\Users\bharath kumar\OneDrive\Documents\dl louda\src\datasets\synthetic\train\Melanoma\Melanoma_0369.png,2
C:\Users\bharath kumar\OneDrive\Documents\dl louda\src\datasets\synthetic\train\Melanoma\Melanoma_0370.png,2
C:\Users\bharath kumar\OneDrive\Documents\dl louda\src\datasets\synthetic\train\Melanoma\Melanoma_0371.png,2
C:\Users\bharath kumar\OneDrive\Documents\dl louda\src\datasets\synthetic\train\Melanoma\Melanoma_0372.png,2
C:\Users\bharath kumar\OneDrive\Documents\dl louda\src\datasets\synthetic\train\Melanoma\Melanoma_0373.png,2
C:\Users\bharath kumar\OneDrive\Documents\dl louda\src\datasets\synthetic\train\Melanoma\Melanoma_0374.png,2
C:\Users\bharath kumar\OneDrive\Documents\dl louda\src\datasets\synthetic\train\Melanoma\Melanoma_0375.png,2
C:\Users\bharath kumar\OneDrive\Documents\dl louda\src\datasets\synthetic\train\Melanoma\Melanoma_0376.png,2
C:\Users\bharath kumar\OneDrive\Documents\dl louda\src\datasets\synthetic\train\Melanoma\Melanoma_0377.png,2
C:\Users\bharath kumar\OneDrive\Documents\dl louda\src\datasets\synthetic\train\Melanoma\Melanoma_0378.png,2
C:\Users\bharath kumar\OneDrive\Documents\dl louda\src\datasets\synthetic\train\Melanoma\Melanoma_0379.png,2
C:\Users\bharath kumar\OneDrive\Documents\dl louda\src\datasets\synthetic\train\Melanoma\Melanoma_0380.png,2
C:\Users\bharath kumar\OneDrive\Documents\dl louda\src\datasets\synthetic\train\Melanoma\Melanoma_0381.png,2
C:\Users\bharath kumar\OneDrive\Documents\dl louda\src\datasets\synthetic\train\Melanoma\Melanoma_0382.png,2
C:\Users\bharath kumar\OneDrive\Documents\dl louda\src\datasets\synthetic\train\Melanoma\Melanoma_0383.png,2
C:\Users\bharath kumar\OneDrive\Documents\dl louda\src\datasets\synthetic\train\Melanoma\Melanoma_0384.png,2
C:\Users\bharath kumar\OneDrive\Documents\dl louda\src\datasets\synthetic\train\Melanoma\Melanoma_0385.png,2
C:\Users\bharath kumar\OneDrive\Documents\dl louda\src\datasets\synthetic\train\Melanoma\Melanoma_0386.png,2
C:\Users\bharath kumar\OneDrive\Documents\dl louda\src\datasets\synthetic\train\Melanoma\Melanoma_0387.png,2
C:\Users\bharath kumar\OneDrive\Documents\dl louda\src\datasets\synthetic\train\Melanoma\Melanoma_0388.png,2
C:\Users\bharath kumar\OneDrive\Documents\dl louda\src\datasets\synthetic\train\Melanoma\Melanoma_0389.png,2
C:\Users\bharath kumar\OneDrive\Documents\dl louda\src\datasets\synthetic\train\Melanoma\Melanoma_0390.png,2
C:\Users\bharath kumar\OneDrive\Documents\dl louda\src\datasets\synthetic\train\Melanoma\Melanoma_0391.png,2
C:\Users\bharath kumar\OneDrive\Documents\dl louda\src\datasets\synthetic\train\Melanoma\Melanoma_0392.png,2
C:\Users\bharath kumar\OneDrive\Documents\dl louda\src\datasets\synthetic\train\Melanoma\Melanoma_0393.png,2
C:\Users\bharath kumar\OneDrive\Documents\dl louda\src\datasets\synthetic\train\Melanoma\Melanoma_0394.png,2
C:\Users\bharath kumar\OneDrive\Documents\dl louda\src\datasets\synthetic\train\Melanoma\Melanoma_0395.png,2
C:\Users\bharath kumar\OneDrive\Documents\dl louda\src\datasets\synthetic\train\Melanoma\Melanoma_0396.png,2
C:\Users\bharath kumar\OneDrive\Documents\dl louda\src\datasets\synthetic\train\Melanoma\Melanoma_0397.png,2
C:\Users\bharath kumar\OneDrive\Documents\dl louda\src\datasets\synthetic\train\Melanoma\Melanoma_0398.png,2
C:\Users\bharath kumar\OneDrive\Documents\dl louda\src\datasets\synthetic\train\Melanoma\Melanoma_0399.png,2